sno,ha_rmse,ma_rmse_12,ma_rmse_3,ma_rmse_6,sarima,Lasso ,Ridge ,Random Forest ,Adaboost ,XGBoost,tot
1.0,39.08925412223909,28.571177885460514,18.77519121163484,24.400148072069253,18.012137100184738,11.48035418,10.91152617,10.99705338,10.97927022,11.87359037,180
2.0,9.78381663192411,9.492183367279118,8.387406597421078,9.348806842256796,8.997350184880586,5.931351081,5.870013762,5.964710528,5.897028061,6.159020833,48
3.0,8.6194298904264,9.514970324573394,6.617114345266155,7.892940615329183,7.145489610393054,4.814923787,4.955506885,4.790176657,4.971860216,4.966905574,40
4.0,11.617952197201744,10.14468924279725,5.985469645122016,7.919634566049387,6.209697473065012,3.697628231,3.632423151,3.772445015,3.643734041,4.082109836,60
5.0,12.480313005288814,13.622601339214809,9.848963824771053,11.585462781445235,10.430578440807608,7.13396954,7.018133055,7.00084851,7.070486736,7.123286203,60
6.0,16.85861061729812,18.17808134570102,13.23075385935388,15.32451666267962,13.69038661078001,9.52148967,9.575071755,9.601865332,9.71800113,10.1045298,80
7.0,18.871532769618568,15.278299085908722,9.603030092987996,12.200411860087671,10.136575625640637,6.535384569,6.498655978,6.580628854,6.528175266,6.872344277,80
8.0,12.17646391222328,10.99742014276382,6.256598230282263,8.526512631136645,6.287868159195468,3.711960787,3.575353035,3.702848766,3.583379578,3.932802335,60
9.0,7.8921693903463055,7.356294661575484,5.504295033305383,6.445146929350986,5.9227352549092815,3.68643859,3.613586603,3.745724536,3.628878876,3.917650091,40
10.0,13.03094229507863,13.862876121492452,8.522668085558141,10.899474618259823,8.669037897203957,5.350568753,5.268115919,5.267144624,5.264809567,5.661742596,54
11.0,11.516281587430038,10.751026977771753,7.386865727894134,9.025917025598323,7.511786920227149,4.674752087,4.646786327,4.914461597,4.647796598,4.876227217,50
12.0,9.46362484816301,9.161085358110482,7.531870387711854,8.382217246186526,8.218262883384345,5.573219162,5.604573782,5.819284549,5.624832914,5.823382194,48
13.0,14.9159859844451,16.354366521681925,8.446683704971836,11.96287936973234,7.6643582258423315,4.509244457,4.494641889,4.68886128,4.537370197,4.768965131,58
14.0,7.7685486055892445,8.784797588254147,5.785356949374887,7.140832376341562,6.035125763720652,4.271038702,4.214858214,4.102423266,4.217562476,4.378099898,32
16.0,8.906095387827063,8.6861239688243,6.072083603260174,7.5115034548866015,6.333657733018469,3.8461695,3.734787975,3.823935201,3.760613434,4.00149882,48
17.0,6.343863025891875,6.430371692197853,5.123794040663355,5.794408121703884,6.00137530120551,3.887774763,3.852785545,3.719983922,3.873141209,3.948261758,34
18.0,6.311512483216472,5.80022060898995,4.759877828294052,5.354588895840689,5.432506479546427,3.506859526,3.481552404,3.439995575,3.521696454,3.447532547,40
19.0,6.397592317806993,5.959118806696194,5.042465942381622,5.329517390840386,5.397081407317656,3.629182666,3.631903568,3.688799486,3.648026416,3.883826355,30
21.0,13.226051028519118,12.8624022427838,8.504965058107139,10.5034561145741,9.370869597186145,6.170756918,6.168673375,5.991113562,6.187295228,6.300913497,66
22.0,8.478290458284615,7.742018153242069,6.840214796248406,7.372375844702583,7.487520516619215,4.972900753,4.950895899,4.953555452,4.985677832,5.143933695,44
23.0,7.518610809019554,8.305750784163587,4.943666942404361,6.405211438114544,5.1693667511161445,3.373768662,3.442017876,3.368036958,3.501510486,3.484827389,32
24.0,10.024949287222093,9.48960844764477,7.6028923141677085,8.563090012723075,2744849004.518824,5.505100624,5.415556618,5.932986911,5.44562979,5.705020483,46
25.0,6.874871077519504,7.518931924156268,5.28307060474207,6.357695023164838,5.515479264112815,4.022917017,3.991317266,3.936652006,4.009569095,4.13661567,30
26.0,15.664579678048216,16.268495490488732,9.309736703029534,12.488954094422342,9.302175444900833,5.449593563,5.282539532,5.350025373,5.282827092,5.784022943,42
27.0,7.96655514907484,7.676482611091959,6.301066903776824,6.83948575263654,7.16475460850898,4.888798482,4.935061856,4.917908869,4.946103079,5.08225035,38
29.0,10.367313044426067,9.812358728125602,6.558758199674768,7.923003868560729,7.063798015452571,4.515924045,4.412296367,4.497649805,4.451620364,4.743046459,54
30.0,16.461275475273293,15.46958957049584,9.93433183424814,12.787918758110312,9.871157049417603,5.910760051,5.522976324,5.420774825,5.540929125,6.096481104,74
31.0,5.819515247042909,5.6726406616348175,4.787727961386971,5.062767505040619,,3.752704057,3.747338927,3.828380946,3.770790114,3.831290136,30
32.0,8.444201301810681,8.675422230012542,6.346911217885164,7.56661331372212,6.826531234600544,4.365461942,4.350291573,4.36420194,4.364368802,4.560783371,38
33.0,8.625474293157579,8.237987522869789,5.871911602184014,6.896568820704105,6.316392542635334,3.860082847,3.746207275,3.76083343,3.749302201,4.072104014,46
34.0,6.506588156505129,6.412125224846955,4.717651822380871,5.560731721962136,5.171933170135653,3.444391968,3.399670016,3.532921285,3.421130937,3.486977102,32
35.0,6.648157503071442,6.698362319841068,5.660432328170728,6.323910961266228,5.911100395776158,3.93911903,3.988999803,4.018210997,4.008355324,4.226207401,30
36.0,15.380291539460035,16.223402250272258,11.263651508956148,13.482537012376923,11.630564472057978,7.854186192,8.043953781,7.90819077,8.050919722,8.050594884,72
37.0,10.328943292061902,9.134249348892675,7.721528066488445,8.868290141448869,8.146152590991065,5.272122558,5.234887486,5.211786478,5.255924403,5.667544542,46
38.0,6.702141673741289,6.768559536437119,5.9821185292189645,6.306524161541458,6.420422021774979,4.27423377,4.264760771,4.238300991,4.29251256,4.419465852,32
39.0,5.439430202348296,5.715081624675959,3.798218369193454,4.659249213691377,4.266559675809285,2.875543962,2.92525569,2.945565631,2.945790679,2.940649164,26
40.0,8.146610983874154,9.078808131480953,5.864766868778135,7.278728300174693,6.154901706681155,4.097620377,4.109801081,4.000815875,4.126423729,4.307200577,34
41.0,5.844683030278485,5.929529083914303,4.263518105285992,5.1397206744507615,4.737012434855278,3.102636212,3.046733198,3.126458034,3.099131657,3.158207496,30
42.0,7.698213596483237,7.540708283952272,6.043996421835423,6.809839643308525,6.743830646786532,4.415496218,4.439685615,4.522700984,4.50577385,4.514125712,38
43.0,5.439837102355169,5.251240854521363,3.1780268835228407,4.097224239549446,3.5170979495848806,2.250137628,2.201821945,2.280972293,2.212874767,2.370803851,30
44.0,7.226259791547403,6.601917064544027,4.640256584372052,5.53588407849459,105265424280.52188,3.215541243,3.148872071,3.205106254,3.157058343,3.415836533,36
45.0,7.017756382644967,7.03420865575463,6.399225754909073,6.870482062349783,6.9538285540742315,4.709329444,4.689569276,4.676836005,4.722875173,5.016761589,30
46.0,12.025842891171465,12.651450829099794,7.446230984948543,9.814739089480174,7.82338464447686,5.020393895,4.959773948,4.811582671,4.986758059,5.214607254,58
48.0,8.323172133549946,8.23973089889376,5.983272258446305,7.288749663046539,6.231837468181772,3.721164684,3.690716758,3.647364052,3.695810253,3.985775396,38
49.0,10.141809730457163,9.759399493026152,8.526471635948546,9.156486474500728,9.590517575280431,6.363523246,6.37271881,6.322468807,6.381107467,6.564929047,52
50.0,9.444432754369885,7.795749724198738,4.588770221774298,5.992849975010197,4.736087655971765,3.001552914,2.928787707,2.937401168,2.940249051,3.226958606,52
51.0,8.2883949144487,8.621642693563588,4.5954840531055625,6.377096275556775,4.435320618516917,2.669245174,2.630080318,2.748846357,2.636641574,2.828933097,44
52.0,5.3454362310686525,5.056994374071887,4.216794146323092,4.69151084114731,4.922881897485468,3.281996728,3.29771652,3.288376132,3.321082308,3.399890477,30
53.0,4.86646954822247,4.8547978036813815,3.60512910448011,4.245385737500759,4.164370349482036,2.706893337,2.700748342,2.70809982,2.722289723,2.704573031,26
54.0,6.829280566737428,7.556914329183119,5.670806600717685,6.598400747801439,6.076003622470077,4.05309225,4.108272523,4.038319584,4.125536511,4.25973367,30
55.0,9.9869822380374,10.345909092191745,7.022113465288057,8.50028577373177,7.589763869892042,4.690165895,4.682379474,4.712549176,4.684703356,4.949878458,46
56.0,8.86762454917456,9.33273421236559,6.620363251778667,7.81627846577556,6.744895407492952,4.129673951,4.127320577,4.156869739,4.132316193,4.596692994,42
57.0,8.930328776748354,6.991778965206024,5.481721681380827,6.214186976859523,6.367546878765991,4.256755942,4.234567183,4.255909101,4.275749066,4.2654276,46
59.0,5.811295262339367,5.444527924685375,4.907829804286685,5.239315464216107,5.590886937151833,3.71865621,3.683428798,3.802476056,3.699762991,3.788133465,32
60.0,5.5194568144553005,5.752652622421992,4.64053882055882,5.085924993502994,5.288587150453537,3.533908778,3.541572294,3.577606695,3.556688363,3.663184509,30
61.0,16.863195310116097,16.97690294286789,12.592441096089606,14.537472680120212,13.665924325861923,8.990242857,9.044264407,9.197938575,9.085464674,9.705651281,86
62.0,6.838322062818873,6.993640825748434,5.760877552035933,6.317699779316453,6.475763602173129,4.564187393,4.646273524,4.658370766,4.711417433,4.674613542,34
63.0,6.683488234426149,6.859269809219509,5.600513991086466,6.222936520664059,6.372823958561524,4.267539877,4.263400842,4.250142366,4.324809347,4.483659374,36
64.0,10.20354778557506,10.448629627958963,7.179845069013442,8.444185716523279,7.337141535967812,4.982868812,5.001282459,4.927854837,5.037441473,5.43430586,50
65.0,7.631596643009601,8.23837462851558,5.98428380717866,7.054934199760726,6.454168998285306,4.473511617,4.424522567,4.304017424,4.432106925,4.674818776,38
66.0,8.20298696971385,7.985392600951299,6.085185755745076,7.0086163892671935,6.612959912261838,4.083616134,4.014250194,4.149200334,4.021308519,4.323063918,42
67.0,8.737730578300487,9.262955309596006,7.328403451676452,8.109902129386542,7.97166769391944,5.675389127,5.718402955,5.712855186,5.747467167,5.773305105,48
68.0,7.143816741193869,7.775431536644212,5.490934925740148,6.591373562775447,5.828371678600553,3.946120728,3.945522217,4.034990747,3.9517168,4.179437467,36
70.0,12.27356391708695,11.116660115305182,8.622846062252428,10.015414564641436,9.538612952869746,6.370613547,6.431641109,6.538659306,6.476055311,6.552467326,52
71.0,6.619007742223166,6.833573229976259,5.670581885520409,6.429667573880905,6.0583583408608055,4.285002185,4.328960742,4.2873457,4.360221554,4.449095382,30
72.0,7.690816193863233,8.254338743028999,5.047373886590819,6.430670140780318,5.1543401161282425,3.252714384,3.231525254,3.236476561,3.217762602,3.460194299,42
73.0,5.367674967753321,5.455362066372084,3.851505467780221,4.6401078313657065,4.19475450276473,2.511078655,2.501222792,2.440679635,2.507389402,2.714613367,32
74.0,9.066611583853962,8.918125804200386,6.1898852272398885,7.72299544193546,6.581942224772271,4.008559483,3.917857768,4.01897811,3.918094971,4.221415368,40
75.0,6.566874155489154,7.100766390437266,5.006773932498148,6.039932072584567,5.426020476203564,3.72087814,3.748405617,3.732246906,3.75774279,3.82343222,30
76.0,7.142801441198055,7.729846475191751,5.15326322898308,6.332642355961972,5.461691490837118,3.352625684,3.304366607,3.336503723,3.309077964,3.578804263,36
77.0,6.1281250308377055,6.179848415741432,4.51063896396354,5.189550660255748,5.065044204930379,3.269219257,3.243991617,3.23818402,3.256257429,3.37801972,32
78.0,10.379421514397048,10.410183179274958,8.32133148689386,9.34996347195188,9.561191403522603,6.555776416,6.615275418,6.253831787,6.609941189,6.683936556,52
79.0,9.473328274367969,8.570960905081213,5.585096497996523,7.00468347597255,,4.054167966,3.978153333,4.142779832,3.98646135,4.125054541,50
80.0,6.647436822608707,6.600957264618253,5.5429977358861455,6.32331971630497,6.076216361455471,4.069311309,3.914418428,4.011642765,3.947304791,4.00310006,44
81.0,9.76242047080464,9.3010929078458,7.2316577938203235,8.46223236854397,7.752347837931897,5.025233774,5.006739956,5.122278102,5.044607011,5.248099406,40
82.0,12.468017511454008,10.569524415843857,7.895650552879124,9.322229776246276,8.687684793854377,5.915400699,5.84157061,5.894246204,5.851015731,6.122236057,60
83.0,17.88160440040855,15.966899245835794,12.10756131325803,14.907215720184736,11.509294612578103,6.980575545,6.651696625,6.767602436,6.669649274,7.559761672,74
84.0,8.28807886568793,9.05122616795839,5.800370313793821,7.261601079334357,5.876467457582443,3.799670279,3.776373471,3.810966869,3.767243027,4.15222655,38
85.0,9.231089361723598,7.995195214989232,6.4691456950009725,7.34660906026964,7.410204596496096,4.879665417,4.901460902,4.85021729,4.925554852,4.908354745,46
86.0,6.976049380830506,6.010363838401603,3.908537165359847,4.87789380833371,4.243864662034823,2.779124509,2.796638197,2.736754576,2.813537284,2.769267642,36
87.0,9.400404964405125,8.347174445737142,7.524396623457304,7.912141220366316,8.452011948266353,5.837665714,5.845941501,5.565752149,5.844160706,6.259709087,52
88.0,14.992852493997503,14.016744766027896,10.269241887506018,12.69922961856466,10.311119380599347,6.300193202,6.274587086,6.103684567,6.311685561,6.858636153,62
89.0,10.47807651565703,11.2716304548022,6.367026399132543,8.564324857209341,6.1595070501278695,3.891209445,3.888521776,3.908669898,3.908817027,4.070588809,44
90.0,8.588169857452971,8.64627367064377,5.226199102252743,6.759178783187046,5.489028137709809,3.425931986,3.344842959,3.417576205,3.349973235,3.645264712,44
91.0,6.608979216191676,6.05881418425389,4.903803662607541,5.478551857845173,5.637157911934189,3.712820569,3.710737104,3.703366043,3.723010713,3.747081051,36
92.0,8.300195348321811,8.736135397258481,5.711771343642642,7.114284861854158,6.204382146440198,3.999166448,3.93359109,4.072433685,3.929283089,4.147890037,42
93.0,13.322790031439911,14.731494520808411,8.849312137009267,11.519494521306312,9.127118069939359,5.997528946,6.067979837,6.13464003,6.137136532,6.222675799,56
94.0,9.528279264664272,9.28199721895344,7.770770317799147,8.61462850970369,8.661651476317058,5.964067078,6.05776735,6.356599777,6.184014197,6.085515916,52
95.0,7.271800933646349,8.066371515201826,5.113040267038979,6.478160132775857,,3.391627061,3.359346989,3.352655243,3.362936827,3.572018626,32
96.0,6.506083304212519,7.2069616594783374,4.29486029185482,5.547529067816955,4.371466161494311,2.743566155,2.710814133,2.734411227,2.713472625,2.958024374,30
97.0,9.416930320159064,9.747157616850703,8.34490648003683,8.99907274808345,9.310873224238934,6.77015856,6.794869404,6.832702424,7.016258015,6.777965028,52
98.0,7.950890054153836,5.983622400841912,3.7990896297397274,4.846893020424048,4.277257214193515,2.687992011,2.658106547,2.740426395,2.672585957,2.872752341,42
100.0,7.8547837755626,6.531972986111379,4.8802008650069695,5.698094796378878,5.4188571606100435,3.80980087,3.815766879,3.877920729,3.810140075,3.891878996,40
102.0,6.641080452996233,6.523149413148228,4.07042617685975,5.156759144959101,4.322272385001023,2.711745012,2.689537284,2.722460579,2.69063921,2.926997064,32
103.0,13.847079219338177,15.125399106621265,8.326872296191947,11.38843856136974,7.571284966086662,4.156819568,3.911085938,3.859083942,3.910329268,4.736359974,60
104.0,8.031626718545649,8.407277726320052,5.872981507780615,7.080007058393695,6.384511260458054,4.427899289,4.360814775,4.24414008,4.362945942,4.603057693,38
105.0,7.849782077528144,7.522574370766368,5.6915170742511005,6.591925327463043,6.203423372145754,4.079981843,4.028632335,4.098474554,4.042706528,4.202766351,42
107.0,11.379736783738776,11.42559871314285,7.405322556532902,9.226723150248098,7.6001949973326015,4.681552091,4.743932131,4.694804565,4.767774456,5.069382035,54
108.0,7.334496737138046,7.555980681461368,5.5017060305969006,6.63854107485694,5.761358209032143,3.834904883,3.818979568,3.861952608,3.83608961,3.972100914,32
109.0,6.807999398200503,5.955602607428869,4.505598089558371,5.299922894137121,5.1054585914534565,3.203516006,3.161920372,3.226826332,3.168009004,3.347567016,36
110.0,10.462555063816174,10.78040273012144,6.627636091183837,8.386478090386897,2.4906645673055307e+27,4.551480719,4.530405791,4.469479071,4.617599231,4.914218844,44
111.0,12.255627572817245,10.63138247440335,9.330112917001513,10.450126467214275,9.320107998574322,5.7320496,5.738630223,5.76178626,5.737903109,6.382971551,54
112.0,8.404316255787913,7.970668920612385,6.3843121903335005,7.139584347077845,7.037574262529086,4.699056874,4.688822779,4.828953173,4.714174237,4.916820919,48
113.0,7.3127153537227825,6.716761519794655,4.524175109243696,5.493891433692562,5.273803742629244,3.199218854,3.100299865,3.183203237,3.100432532,3.324537052,38
114.0,4.9666629172495895,5.087140201900273,4.976739637367469,4.991242197350612,5.588053311353451,3.876841235,3.886841769,3.940041752,3.888734776,4.008202264,30
115.0,12.694769021373972,12.746748789564272,10.1649626816716,11.722905229775591,10.568467794438138,6.737663132,6.614541868,6.776700554,6.625773054,7.307177567,68
116.0,5.991964231484986,5.179363789442571,4.120692526611374,4.716409897135114,4.9729293146478275,3.166423811,3.160184134,3.179863754,3.182816032,3.209385977,44
117.0,10.26531270282727,10.830389095997027,8.91868964734522,9.82925763668316,9.432431422806896,6.379502809,6.326176627,6.455209433,6.355455678,6.710009052,58
118.0,8.531001961158847,9.321937161450805,5.892729210510641,7.379197134661732,5.931841634189362,3.965608443,3.909574308,3.89881454,3.918156628,4.06163229,36
119.0,13.628633958652436,14.03542421825728,11.243664221830429,12.210740445347206,11.609196087905564,7.469957924,7.465906247,7.20898286,7.484920426,7.467848385,68
120.0,8.89768222727891,8.26038542573442,6.674032248413917,7.55320526017342,7.570391441244658,5.018965385,4.98952218,5.102157714,5.013851021,5.252668648,46
121.0,11.518148929677878,9.890588605581106,6.177303134465648,7.910633421443293,6.686435111946311,4.006082541,3.922141115,3.961285371,3.926313867,4.324330533,66
122.0,10.226954828448145,10.483346738030557,7.410440101049279,8.813923146386003,7.839743939381994,4.917472048,4.936325356,4.571041963,4.943304258,5.411767717,50
123.0,6.821767449999842,6.188458649732804,5.402460316030501,5.839950584641126,6.028690822899076,4.000412645,3.952167071,4.041549644,3.969924201,4.134054555,44
124.0,9.703800524742286,6.292358847538769,3.426689921162131,4.692085161457103,,2.396903153,2.345829637,2.583932427,2.361188321,2.625493179,36
125.0,6.1184241327492215,6.34501160295949,4.790643719499196,5.422177827122787,5.207066930296761,3.685458067,3.651968056,3.589909117,3.673871971,3.721450423,30
126.0,5.622395701996699,5.623578680963284,4.731126889424507,5.184726953175871,5.454836920457328,3.510428307,3.496724583,3.458085375,3.50985821,3.686089883,30
127.0,8.46587586561274,9.173919534076624,6.553421190346151,7.806886119701398,6.967628108154047,4.070518278,3.945527756,3.545423119,3.960304362,4.411797002,40
128.0,8.905541278577076,9.652339039465051,6.235698301882088,7.7641334859046305,6.444870406811999,4.131087873,4.138477009,4.091658948,4.148868914,4.336962591,36
129.0,9.046357816630916,8.52052238977322,6.190156850938992,7.440127733462717,6.640989760767797,4.25362863,4.146516532,4.196036613,4.198205287,4.416142077,50
130.0,5.676530194563651,5.776612729632718,4.725692037478647,5.259610122168409,5.389748167806045,3.599399757,3.58420647,3.621304582,3.630152142,3.604352514,26
131.0,9.642876050701416,10.239607877466112,6.475746623043907,8.096748375345175,6.933659159640584,4.661275271,4.669128022,4.606704059,4.671144816,4.742936461,52
132.0,21.539611165395005,17.779990428181,15.069752747737809,17.515400263721,14.497917078107005,9.391524913,8.997393879,8.822558911,9.111423522,9.567100441,88
133.0,9.367090426836844,10.064862670089816,7.171125915851335,8.752947692430912,7.28136344529348,4.681481177,4.691707668,4.588078089,4.696318144,4.939002848,40
134.0,13.184896374322252,14.009884671828264,11.023274632583476,12.194889085665686,11.8075810994435,7.967905379,7.995627167,8.063854636,8.007954612,8.401926414,64
135.0,8.981783855536118,7.769662057664987,6.215192267040992,7.027678179352367,6.952398586963443,4.576089386,4.507866893,4.555645307,4.523775072,4.600776181,54
136.0,4.945445662664231,4.70182987460881,3.483263990981184,4.094463066237845,3.9745784773535284,2.618360527,2.597804368,2.655660931,2.615190479,2.721263844,30
137.0,9.25421642501241,9.38783762883112,5.806951218472431,7.437492758860666,3805149.0127504,3.86749954,3.633960363,3.632955548,3.633940041,4.012017263,46
138.0,6.597840092820794,6.561723464475931,6.08156074116328,6.635259058469321,6.418801569375109,4.418343715,4.450510213,4.46116995,4.449571388,4.584004789,30
139.0,6.947983018554459,6.857581002545327,6.077263784818097,6.481755161759195,6.757750458983359,4.985409768,5.021667183,4.795320745,5.029711488,5.07347537,38
140.0,9.229404852208951,8.735075030378608,7.115913522968239,7.995543717432142,7.793167876275502,5.233324609,5.134314652,5.211691628,5.155536089,5.41233406,46
141.0,5.805158521979212,5.02811024902651,3.46966607975998,4.340589084796935,3.891780282354023,2.478553862,2.389969077,2.461020734,2.39494319,2.55011811,36
142.0,8.51111312249833,7.346252358823127,5.128158261031866,6.131134556078941,5.798436488579645,3.623337352,3.573146869,3.70478346,3.586934926,3.847687342,52
143.0,9.604937633696691,6.47008179440186,4.940848653464852,5.855553184562112,5.566806938532274,3.68802105,3.621779358,3.678487443,3.651089005,3.736995351,72
144.0,8.51608288584726,7.723154424290769,6.27489343621355,7.591392122884008,6.621270189858029,4.158617905,4.065693219,4.103927799,4.075424694,4.252626064,58
145.0,8.459937963494221,9.514196504962438,5.728565847901731,7.427707227719734,1638293092715026.8,3.71607858,3.698492565,3.877793062,3.703272268,3.931761236,40
146.0,10.074578063016038,10.613483729009609,8.569824727618027,9.62577355950579,805178573.1973064,6.005680284,6.003236352,6.179704971,5.996933689,6.402505549,46
147.0,6.394340936179258,6.901381472411458,4.877128175803116,5.800047633150309,5.317768326936084,3.685735431,3.688967791,3.65126441,3.690600371,3.826851057,32
148.0,10.12316812651423,7.530373701716358,5.12625627683676,6.279916894337101,5.835341593975696,3.891452495,3.864170939,3.817933565,3.881863572,3.975431731,68
149.0,16.327531686963304,18.74479450589632,9.791130416021742,13.758553512936118,6.264678915005435e+24,5.185861623,5.09311081,5.06628439,5.115830293,5.609061637,62
150.0,7.849173991949564,7.779605832618116,5.923428548544099,6.712318473096545,6.496257446019734,4.163144136,4.169991129,4.155440997,4.188955275,4.444107671,38
151.0,5.975405631975873,5.737203990444977,4.569069243945997,5.356598963407692,5.053799341111119,3.113659421,3.031821177,3.039615643,3.032940869,3.320739064,34
152.0,10.54630499179157,12.170620272734086,7.664293162798568,9.826619864739332,7.1306994980891565,5.087749609,4.951311118,4.943828611,4.953099319,5.277192703,40
154.0,6.180211185280806,6.016761943592748,4.933998560317064,5.483121116817745,1.024885695812002e+18,3.495596063,3.500336813,3.556750408,3.498241389,3.674477848,38
155.0,5.339353381182581,5.519193303903244,4.357619757644542,4.939076999933327,3.056636125060216e+19,3.311922607,3.346550676,3.409843833,3.363518283,3.387135498,30
156.0,7.510838984854718,6.766956632315872,5.204915678090065,6.0849225348804055,5.773171493506063,3.588906235,3.539465442,3.697604951,3.539976842,3.729787486,38
157.0,8.405134374527227,8.791530058018058,4.848743983633711,6.623937880322413,4.560657929531538,2.670848177,2.640139565,2.728320604,2.637404594,2.892852303,42
158.0,10.86006197086964,11.40204238563749,7.103090555337842,9.102164287228154,7.127652596674351,4.252583409,4.110756272,4.13699729,4.13041675,4.474724215,48
159.0,6.555913573693278,5.711369092605356,4.990518779574457,5.487877656724832,8.592827708262808e+18,3.467764652,3.393797755,3.53708064,3.451564467,3.632621551,36
161.0,10.795863841345655,10.345252172116933,5.682180538771831,7.739608730950259,5.795527295047304,3.558084005,3.451282337,3.531359476,3.468525715,3.698513667,56
162.0,15.595449958495564,16.50797586712189,9.259590120691849,12.542620695041563,8.777048739609532,5.139430934,4.967781151,5.143265794,4.96443413,5.663037921,70
163.0,15.875377555054056,15.895546442130335,7.780043612775326,11.331672416695628,7.110573042696455,4.155927928,4.056401966,4.228130192,4.033495937,4.526706142,72
164.0,9.5056186443029,9.416653040386864,6.5660588436904606,7.8377220821877085,6.953186380433556,5.037832863,5.159248494,5.215448849,5.196092597,5.079426436,56
165.0,10.563782977071629,7.320345723105392,5.00406899669288,6.082658510722819,5.808983003912391,3.714360541,3.658208209,3.811991143,3.686408355,3.998662389,62
166.0,5.52708870523392,4.7818353626424885,3.59795937586618,4.324075643693491,4.084728699915683,2.744869172,2.668303319,2.698719164,2.681367584,2.799512666,34
167.0,9.000921871973253,9.104286259772548,6.501095171895098,7.743206654927254,6.458611570414892,4.406430541,4.355243104,4.815439375,4.391961745,4.681213623,50
169.0,8.090354493661087,8.273718750801478,6.155780379758528,7.324844005491804,6.567573242429117,4.027255661,3.94492821,3.765614101,3.966806632,4.308564339,44
170.0,10.18366131796938,10.493739189382891,5.71996126616972,7.796396299822404,,3.459659823,3.357496526,3.591632275,3.346989848,3.782695782,50
171.0,6.918453217711609,5.956696106499446,3.8852291420882055,4.8220061490133,4.414105524575293,2.798999709,2.779261243,2.754048766,2.797690747,2.887308667,38
172.0,4.777140053118125,4.752205976951684,4.261836559322365,4.563552893121575,723820771.5454,3.404490297,3.468767381,3.477753174,3.497185129,3.522171052,24
173.0,11.592953020071736,11.579229549228918,8.327873330767117,10.002420860205309,9.0958387747537,6.171825154,6.248942336,6.168356556,6.273869818,6.436771846,56
174.0,11.248082079424774,8.129529720577507,6.903748727093855,7.664645309753632,,5.436612547,5.409736211,5.567027843,5.425650796,5.677925146,48
175.0,11.832919995852722,12.113954053830126,8.288173269671729,9.976622172992997,9.101518447803054,6.094024182,6.138044821,6.264389525,6.138373792,6.281672323,52
176.0,21.468902596528448,21.656620717751284,11.694619042303938,16.183141677252713,10.087221880823591,5.722851034,5.365899249,5.6859556,5.403864353,6.415660902,94
177.0,8.117845622542434,8.780253200843838,5.236734024472796,6.758436415331476,5.174483821012087,3.1432954,3.12618076,3.19081557,3.09706019,3.541002076,40
178.0,7.139804656066728,8.127327732554619,4.7913603768381,6.313698794488321,4.6455738547525565,2.841828153,2.835500478,2.854204584,2.839436089,3.073188697,32
179.0,13.284346744057588,14.98239737396744,7.47611916656259,10.767954425927371,6.518072746747652,3.636764034,3.543838565,3.70846227,3.530396837,3.973306827,52
180.0,4.953141532134824,3.359309295004937,2.4103771972417314,2.869232683981026,2.833359229007932,1.825814077,1.825488731,1.843328793,1.836128742,1.946577177,40
181.0,8.21553448455028,8.037699793978664,6.992089362459126,7.31935711430836,7.527451206834768,4.836100988,4.716866625,4.790450362,4.755244389,4.984150907,52
182.0,10.19389153532936,10.638057443329082,7.294642932382322,8.826386115231735,7.633430567471134,5.054769116,5.090945065,5.04660393,5.184917938,5.103200356,50
183.0,6.483815758861025,6.680547961942977,5.492175725056123,6.137091888933123,6.003625479285186,4.203722765,4.189502244,4.21136178,4.189847082,4.24769656,32
184.0,7.6735026638954515,7.502910099350752,4.289883538651579,5.772272541752745,4.36423150791234,2.694027599,2.673743169,2.741819913,2.655444436,3.001883849,42
186.0,18.58493447376022,19.505360657222948,11.646896885965637,15.26962000756378,10.999996315821738,6.628240457,6.365557346,6.147383982,6.864721377,7.105356199,82
187.0,6.711413914397554,6.402961848050906,5.151339592767512,5.816251784592567,5.9060920661190135,3.775338664,3.744294623,3.73324862,3.809264189,3.863447744,34
188.0,7.794118182394829,7.830903132752513,4.747707259525532,6.183607398611324,4.98990649669475,3.078127732,2.971072171,3.06299705,2.981410027,3.311684838,56
189.0,8.886841942355638,10.141029816296678,6.077176416803172,7.859479319340715,6.066483274948162,4.121250759,4.032606507,3.979899406,4.035494966,4.245255396,38
191.0,9.077008149771643,5.993610577681333,3.7944234925375264,4.80107086033605,4.517203700840065,2.88555714,2.869993446,2.855821404,2.89674874,3.047792193,58
192.0,7.291175910006157,5.6307723008963375,3.991460212523076,4.8424361265147935,4.5649295796340335,2.885217005,2.830320941,2.938363008,2.848324238,3.073430868,44
193.0,6.906241002532341,7.316109421233856,4.315915690006934,5.666406649082617,4.330532497697292,2.590401334,2.551781294,2.514896265,2.550564769,2.902317942,36
194.0,10.516309459498911,9.010730685963038,5.523201246449241,7.177137346110815,5.817806967422467,3.664966872,3.625537485,3.707939322,3.627664238,3.768715588,50
195.0,10.366295390808448,10.65852771846089,7.601793483622143,8.818070227427281,1.2888603103245769e+20,4.808062091,4.789220121,4.521406441,4.812159864,5.36654608,50
196.0,3.4325326405363485,3.368942089821861,2.363089441817208,2.846680391873621,2.7105397806306444,1.712948905,1.695881638,1.712257312,1.707707837,1.773732796,24
197.0,7.242757135925208,7.738004272191639,5.278173929603812,6.393768038095024,5.852325682638981,3.904465348,3.925034788,3.954042995,3.929806247,4.06291998,34
201.0,7.894682628454939,7.754725197797076,4.723376959468981,6.067266557422289,5.090742922337033,3.272156188,3.220654153,3.283473821,3.229176819,3.394555284,44
202.0,10.972388737144644,9.642148837846175,7.130699311923998,8.608274261212662,7.972876550255347,5.027062549,4.942313411,4.989301524,4.974806448,5.132999276,60
203.0,8.568777556303534,9.645488013107917,5.429524401880086,7.235505859485801,5.344482226299247,3.348479857,3.28895565,3.364678816,3.313046826,3.573578201,40
204.0,6.6894001821064695,6.32344199309586,5.541873705174125,6.048968785008308,5.865857875879486,3.803298111,3.727650078,3.777234941,3.731402254,4.137504614,42
205.0,4.7146196545586685,4.763611593748116,3.2861317676358763,3.954195103270535,3.601276736491911,2.260705337,2.242164499,2.187819993,2.236613241,2.381316908,24
206.0,6.163439691233038,5.321787089495189,3.2516213897442063,4.208180155384177,3.5494479278472797,2.338030879,2.234668708,2.209481258,2.262456326,2.342132917,32
207.0,4.527864219260646,2.864240056613254,1.8587515559220376,2.2999592931161086,2.228404387588751,1.384265293,1.358659555,1.363426548,1.364192891,1.546367249,30
208.0,10.63780849955609,11.521015739537315,5.907754311639071,8.382151263651384,5.339110802198219,3.084929357,2.901324397,2.900816193,2.909792786,3.292676186,46
209.0,7.633197743566122,7.274383824746495,4.417713675310161,5.72611070233903,4.730832081318997,3.022600595,2.953972244,2.984310948,2.962468574,3.181410512,42
210.0,14.43953135311196,16.326544710219313,9.737362009030289,12.688614154849567,9.258141534582423,6.244687716,6.06120178,5.966612,6.075918728,6.429649822,60
211.0,6.356387897301846,4.635785236709464,3.11882819446234,3.812531570636256,3.66372324505076,2.288472849,2.266752748,2.356585946,2.26597305,2.527864784,40
212.0,7.87866969991483,6.621032889834068,4.766825913273827,5.804552858057757,5.428230276076176,3.412773631,3.32485235,3.443737596,3.328117742,3.657603573,50
213.0,6.116651149578203,6.078725920568141,4.356567701200758,5.247812727548368,4.734248009919839,2.975907933,2.958036017,3.112222121,2.95905386,3.161989802,30
214.0,7.629182116931724,5.874492040833368,3.773305220774289,4.7507025314677485,4.265240544537573,2.66931216,2.623139115,2.710227897,2.636082265,2.867096549,54
215.0,14.709063644282654,12.298959302833136,9.147797873784311,10.864840925056606,10.247987396879344,6.764203042,6.744188103,6.792952317,6.805757234,6.808396426,62
216.0,8.499197585076056,7.695935365713093,5.259911279353166,6.587253333612311,5.476566168014523,3.482857576,3.498282855,3.433215859,3.495534093,3.685847545,50
217.0,6.90106739753224,7.335294435713077,5.830539084091166,6.538215100383125,6.25246823929299,4.380520186,4.385438302,4.241636279,4.413775191,4.54177148,40
218.0,9.014068967813984,9.528863954149983,6.269868070352365,7.872945759264516,6.681770510071721,4.217641944,4.207377745,4.243652269,4.232737695,4.421665075,42
219.0,6.6698396900545385,6.747992233947015,5.7249808890783385,6.4369434723163375,6.303176366601591,4.130263022,4.059032932,4.042505757,4.106343675,4.220706401,38
220.0,6.6275929441108,6.738207421769332,5.701204642975364,6.300358342062667,6.454841813637212,4.22526627,4.223852859,4.252316462,4.229739628,4.376720383,36
221.0,10.55985381063911,11.956184091972291,7.905475874021306,9.784616807151634,8.303705643047968,5.761852903,5.771712897,5.594190943,5.816810721,5.897979202,40
222.0,5.301548237126831,5.200339782861173,4.178438293406135,4.740464216837351,4.855263245982649,3.320776072,3.262080019,3.282729056,3.281864394,3.323654674,30
223.0,9.13488862466222,9.819917463959332,7.053256955744871,8.410303450789806,7.318375062916809,5.138420405,5.056341433,4.885951939,5.064636537,5.193654349,40
224.0,6.516641355017159,5.972297831333065,4.365074363529605,5.018929866345208,4.882066724185845,3.125627155,3.088048744,3.155330286,3.089536776,3.266796138,40
225.0,9.265429169758312,9.886052261969663,5.7616025423615165,7.633628969653134,6.0288286396963064,3.954966665,3.948099763,3.961720636,3.966257557,4.083929803,40
226.0,6.40537412368961,6.585460000910766,4.658885486328952,5.64588149375209,4.976401205637732,2.992182084,2.948630745,3.050264536,2.967699078,3.122628772,32
227.0,6.4235559805335605,5.964120944985908,4.1204906553646286,4.909307211736769,4.401558643007722,2.74899838,2.699521074,2.762327885,2.710371592,2.999331097,40
228.0,5.564966527570499,5.514967839441943,3.5094243984604416,4.4609648140638845,3.795415922420843,2.377899635,2.330521311,2.329584969,2.319069359,2.490594044,32
229.0,9.19492574257426,0.0,0.0,0.0,,,,,,,34
230.0,7.934450618920901,8.855033743438257,5.171149575936689,6.814018785213228,5.109468550635366,,,,,,36
231.0,7.603090432565621,7.768179432477164,5.708290556442975,6.66800851951822,6.469473370321952,,,,,,40
232.0,7.627796224355286,6.974395606905693,5.358491025784529,6.339900492398375,5.694301921988449,,,,,,44
233.0,6.523561375900501,4.533841313308568,2.9652154930545285,3.699225299103682,3.4953185042570136,,,,,,50
234.0,7.990024071528374,7.800290794360484,4.948111345046471,6.264902942954604,5.247009572509627,,,,,,38
235.0,5.160864996615375,4.852490295205096,4.26728153422404,4.555659694861896,1382450938471.609,,,,,,30
236.0,8.598726136366158,9.543611321787102,5.839180764359612,7.606037188058858,5.846912138706796,,,,,,36
237.0,13.963669695331015,5.977559306833871,3.965458270744509,4.993254094988213,,,,,,,38
238.0,5.755724267599306,6.028965192702759,4.80150398841623,5.345393937364775,5.064862165349704,,,,,,32
241.0,9.07325333566916,10.193290191700362,6.201996638929981,7.943938845658471,6.444380519283332,,,,,,38
242.0,7.112988853946594,5.898296844603197,4.8604467403016764,5.356773249384585,5.902322256440172,,,,,,40
243.0,5.225663117837771,5.10109992920844,3.46936511243602,4.179174176386236,1.9030194030414377e+19,,,,,,30
244.0,9.169648596047535,8.7369407798119,6.527524816287457,7.59731329043021,7.199228445397043,,,,,,46
245.0,9.435507384554608,9.96559313040794,7.112836227953785,8.29980778792403,7.7503126907178475,,,,,,44
246.0,5.499192040522794,3.785217449144088,2.652298821316368,3.2598814961502347,2.959339963126778,,,,,,40
247.0,6.769422372297446,6.022372503209474,3.470140432879788,4.668156894297508,3.6008954995844884,,,,,,34
248.0,7.214522382617535,7.595492074804113,4.921852214021151,6.197801029575633,5.265427760018688,,,,,,32
249.0,7.084604743185332,7.185754380394746,5.81113131036437,6.541441641169261,6.510258248391798,,,,,,32
250.0,8.08555068019203,7.470349072851677,5.301627376627615,6.455879728285384,5.645817324024239,,,,,,38
251.0,8.90611990434298,9.432455674176696,5.829810523216951,7.398690411219339,5.742511608532443,,,,,,36
252.0,6.775583195499156,6.442051767283073,5.112199067615343,5.627391393230576,5.681336546609675,,,,,,34
253.0,7.630555104234831,8.543381380969311,5.7498501380190365,7.09483337712596,5.723401546328629,,,,,,34
254.0,10.912320371104322,11.155804946330244,6.591538023018781,8.666717209318318,6.8702879182115675,,,,,,58
255.0,6.737701620611055,6.96555299552758,5.133508338521388,6.00097702450724,5.64119996189655,,,,,,30
256.0,7.305986465386559,6.231131654768249,3.988115508284928,5.061790330999131,4.408973766783004,,,,,,40
257.0,7.771540374447415,8.729883782395333,5.440879018113947,6.838799332656495,5.287652683315292,,,,,,34
258.0,8.103143716339517,8.268385405522526,5.947423412236271,7.247474321410392,6.543904600427284,,,,,,40
259.0,7.390727112141154,6.55711969786127,5.516836866288382,6.226819602468527,6.269565695649965,,,,,,36
260.0,6.055010367159666,4.477771103510279,3.140582983694242,3.873170700609647,3.458063599788712,,,,,,36
261.0,11.444810029369444,13.235808313529844,7.314987623205426,9.952371888403793,6.753405326779211,,,,,,44
262.0,5.763876193195465,5.897873180762027,3.8012552675592017,4.734946637074317,3.97895867295302,,,,,,28
263.0,6.988266852753924,7.009810729404335,5.375500319159661,6.281612558153308,6.057977382707007,,,,,,38
265.0,4.9371479125327005,3.9034935010662952,2.449229615373876,3.1238349568040387,2.6406639764558495,,,,,,30
266.0,6.500962225000108,6.709653211179643,4.792542257863309,5.608204476731704,5.443827799003231,,,,,,34
267.0,6.677254071692963,5.8950980771072565,3.98079528350366,4.966237643901561,4.500108844361616,,,,,,38
268.0,5.782521840071397,5.446303529342611,3.897077701544087,4.550641466645716,4.41740488261946,,,,,,30
269.0,4.180888448760493,3.545301294478039,2.516977150500663,3.0530801432520502,2.89563830299652,,,,,,30
270.0,8.013407955422167,9.048675273847124,6.050850557361608,7.439691807742295,112693888.69185613,,,,,,34
271.0,4.890551086610182,4.7982748616646855,4.034636419052614,4.43419870496458,4.789174186843104,,,,,,28
272.0,5.486998123388423,5.592313509669201,3.6767794742677142,4.510786101098927,4.017714405242977,,,,,,32
273.0,9.056686917839508,10.323215727835729,6.257087588663685,8.140990947197421,6.193149580505925,,,,,,38
274.0,6.046119506529901,5.177860894492048,4.215849683351816,4.868848219514869,4.663835328627782,,,,,,34
275.0,12.195668588190635,9.930984743910756,7.711709358022486,9.061996654738962,8.503989790454776,,,,,,58
276.0,9.242533911920129,10.171917409761852,5.851440366195125,7.788798025177093,5.921446276310058,,,,,,38
277.0,6.059818551461344,5.946859652755149,4.661783121108537,5.19007583661684,5.320550962875821,,,,,,32
278.0,6.0513516342927565,6.394861856823216,4.068025335455387,5.156213412937901,4.127535894305258,,,,,,32
279.0,9.95431294676769,9.510129778539213,8.499673612783015,9.160717078363838,809502684.4193488,,,,,,48
280.0,6.241128987708939,7.095077527998834,4.9618594143555095,5.921133412725632,5.157038971092113,,,,,,28
281.0,5.671185718936202,5.358909237488389,3.846267958869499,4.616857087614475,4.420440524561587,,,,,,32
282.0,6.361391918741601,6.352012333750403,4.994591956904099,5.540999390147933,5.671871534963793,,,,,,30
283.0,5.1268886021823326,3.575804698695474,2.5537026985645443,3.061174967940816,2.998338586618658,,,,,,32
284.0,6.320214678324871,6.073587600214125,4.103881858231964,5.040552690683839,4.5084514343044395,,,,,,44
285.0,8.871260599470832,9.911381813435542,6.418233998200612,7.924662299222828,6.850849909689541,,,,,,40
286.0,6.105335385202344,6.200007129346732,4.760576810847584,5.537593436144724,5.248252406540049,,,,,,44
287.0,8.901296033705773,9.614298561178307,5.746786634064716,7.403520300881398,6.023604076290252,,,,,,40
288.0,12.254863550927926,12.76391816406196,8.273888007048251,10.47944035412056,8.434846768452468,,,,,,62
289.0,10.045790667739857,10.786026849134892,7.409052358267231,8.886083954899382,1560310.8504917098,,,,,,44
290.0,5.528453840682972,5.875150482295888,3.729528621505501,4.673000639391468,4.123450866098581,,,,,,26
291.0,10.446418200846889,8.662286204791672,8.158965818719679,8.781315418424462,8.808236496482191,,,,,,50
292.0,7.341904411867382,5.988530926260069,4.284388801063245,5.113135455787597,4.846958222039069,,,,,,40
293.0,9.029874269076265,9.016848676282176,7.051929429799938,7.926048525605766,5233499235207084.0,,,,,,40
294.0,7.127259715945908,7.004849128487628,5.175805562667593,6.065338813800702,5.978685436094227,,,,,,36
295.0,5.721318063124059,5.998811318131327,4.439218991082506,5.174541915909371,4.915376229141385,,,,,,26
296.0,6.422139811734658,5.9412656613590284,4.204326989946376,5.008072842943335,4.671899216818602,,,,,,32
297.0,5.171899494990454,5.128456352947369,3.720729570533572,4.352695448249899,4.16468144938782,,,,,,26
298.0,5.602717586371343,5.667043788087023,4.543525419162499,5.191533434115921,4.998324627186319,,,,,,32
299.0,5.686607372305141,5.050857900789073,3.635872309218224,4.273895795147342,4.120392426122645,,,,,,32
300.0,5.456988919965382,5.264239560617456,4.222561274389592,4.659695524397784,4.879854594227971,,,,,,28
301.0,5.093503888439574,5.117512656543561,4.537206710598455,4.973365398336109,5.204263754359717,,,,,,28
302.0,7.221629408491544,6.918176684011395,4.33338234425523,5.555805010151171,4.632933506363816,,,,,,40
303.0,7.063582840551974,7.089370994025833,5.212112624792527,5.908531672272478,5.627571093775914,,,,,,34
304.0,6.976736022477624,7.203695847815043,5.412537737399122,6.285215820773553,5.787269618057039,,,,,,32
305.0,11.125823368284182,12.548210452976637,7.69796143889271,9.8693031679757,7.676570671048622,,,,,,46
307.0,5.589645964323796,5.602203826189257,4.589826894335715,5.126097458580141,5.148373407984942,,,,,,30
308.0,6.322637142409334,6.827030034014945,5.3071594124009644,5.994945690118897,5.863392844795532,,,,,,30
309.0,6.879030820135077,6.566035426919897,4.542146266324217,5.431079044599436,4.91775765830931,,,,,,38
310.0,6.243528551497477,6.089908889591846,4.669464717382091,5.279737940557811,5.206920525326768,,,,,,32
312.0,8.335842032045766,8.095280699775362,6.6388903143946125,7.785186502608246,6.850518140153792,,,,,,34
314.0,6.902989975889691,7.446500454138591,5.576216580806218,6.374061433851067,5.972052071926903,,,,,,34
315.0,7.164670482061966,6.9582211404382,5.076798608404412,5.995442383083328,5.758628346520521,,,,,,38
316.0,5.707690997434655,5.828405130122372,4.569696714910426,5.144745688363993,5.249548924780234,,,,,,34
317.0,6.171542768066395,6.73865753809596,4.129972222707333,5.247000724335976,4.285277652511807,,,,,,30
318.0,5.083982183126899,5.290249256428617,4.076990813536425,4.6184611075954285,4.601554928710818,,,,,,30
319.0,6.879280463077292,6.5707777246882975,4.580338977658768,5.693850370162881,5.024837434502328,,,,,,38
320.0,5.6553130437921295,5.050221874593242,4.583100914106666,4.8445052562317885,5.228315873187923,,,,,,28
321.0,6.27884579650573,6.841927775289413,4.355771381470155,5.4093690886466375,4.650993237477186,,,,,,32
322.0,5.705728507250688,5.422692713226448,4.205749590340673,4.855405436032054,4.969212248450042,,,,,,30
323.0,5.170495014308218,5.332113449941758,3.637789694019781,4.3796141543382525,4.005650169497029,,,,,,26
324.0,5.227664365137252,5.697063693204995,4.056955312928711,4.821741875999899,4.206177448979342,,,,,,24
325.0,6.600548608561507,4.601382111652908,3.3388347932118325,4.049586894023556,3.6418854845329323,,,,,,40
326.0,6.515696038441733,6.354671107968245,4.365524397320589,5.329198580412321,4.687226438829141,,,,,,30
327.0,4.892352001314646,4.80391980382436,3.977130118569935,4.4064186227318745,4.584805920026153,,,,,,24
328.0,6.55221002125592,5.849943356998962,4.54138638459104,5.085388191261414,5.05408038944835,,,,,,36
329.0,5.176628304669258,4.982102227708834,4.295824463265723,4.6856221239371845,4.7725360685605205,,,,,,34
330.0,7.137388562983356,4.502740464765587,3.049727677737346,3.7306863445002554,,,,,,,28
331.0,6.424625955792946,5.36850139499495,4.130477866256123,4.758872861006535,4.954833252179117,,,,,,34
332.0,6.107132798254036,6.047586154022612,5.527730396319564,5.773408427981478,301977.97915717436,,,,,,34
333.0,5.942070672834753,6.015271690011574,3.7124722461931934,4.764678476608032,3.989399791551179,,,,,,28
334.0,4.805481936420941,4.753425285524522,4.145827680263256,4.52113447797065,4.837866518506895,,,,,,24
335.0,4.89378855222532,4.093409311028905,2.8173172623228053,3.433745648992636,3.1936044444303406,,,,,,32
336.0,4.207248225006873,4.264762489318448,3.231299137109207,3.730207166680392,3.7091028707773037,,,,,,22
337.0,6.389807162424183,6.417548025344652,4.188080262197642,5.174007466348637,4.299175499606019,,,,,,30
338.0,5.962998765016568,5.9328700051045375,4.075349560015349,4.878404465591891,4.610198620699592,,,,,,32
339.0,6.340137990358303,5.825718265585054,4.551169398912388,5.290205555753972,4.982822789559457,,,,,,34
340.0,4.202689920090534,4.288340016072421,3.7013668840071,3.939335246189345,4.298063505293592,,,,,,22
341.0,7.261592617776736,6.612297379730824,4.774850044652937,5.693837159653524,5.301175495891776,,,,,,38
342.0,6.255930209523562,6.674948397437716,3.5973739630609254,5.011684164037587,3.452758772942472,,,,,,30
343.0,7.204482095369229,8.256001760982274,4.970978747914999,6.37868148059514,5.128168668845373,,,,,,30
344.0,9.56157040878113,8.636657381820097,7.582813592599181,8.673283205518572,7.827270890394507,,,,,,42
345.0,10.572790070387429,10.684662774328045,7.105091076822272,8.601524898290352,7.203685974665319,,,,,,52
346.0,6.671537114997205,7.14058204436592,5.112884499809537,6.118561816096266,5.422657463986322,,,,,,36
347.0,4.897728713971133,4.767553343451861,3.750251605071525,4.200339670827097,4.320109975218853,,,,,,26
348.0,5.155909363235422,5.446785266153292,3.748141493137455,4.568506577104791,4.023337391926865,,,,,,24
349.0,6.430532860786374,6.903445734314078,4.42768600783197,5.598309349511625,4.654245466892102,,,,,,28
350.0,6.505592999503088,6.217146848922264,5.370879045595507,5.782226554201148,6.178867104494047,,,,,,32
351.0,7.713245633770029,7.859092411214968,5.45652236607322,6.544988390443725,6.078285605744649,,,,,,38
352.0,8.125415535965935,8.47811079856971,4.751407519926058,6.356272347239205,4.802583533254374,,,,,,46
353.0,6.46979884172981,7.046783375511312,4.995523818474688,5.908093576979498,5.341223685623982,,,,,,30
354.0,5.161004869563941,4.862717944153897,3.611343770669434,4.268045640027742,4.228703985757567,,,,,,28
355.0,5.730085997871464,5.603781822353645,3.75822343529686,4.605214597244415,4.187528960258998,,,,,,34
356.0,5.050953716834548,4.179151413603205,3.092402548790999,3.7172948186580976,3.484701554637883,,,,,,32
357.0,5.947054467280045,6.675037718554281,4.589421993821458,5.628880382568238,4.986159007382464,,,,,,26
358.0,5.8979586927815,5.073774124810597,3.850921831490413,4.760979236958572,4.101373524201034,,,,,,30
359.0,7.609540068346958,8.573600261677027,5.454767324721303,6.852636702979119,5.560009017796651,,,,,,34
360.0,7.627605320982608,7.150185806962353,5.272121383699759,6.370466750945195,,,,,,,44
361.0,5.433388827120816,5.629924955707883,4.5389110162781945,5.019575146374529,,,,,,,32
362.0,5.8274531628019846,5.068475353508021,3.890577969225368,4.534535864217634,,,,,,,30
363.0,6.209121336116688,5.926844203538592,4.386865978320771,5.165477876575544,,,,,,,32
364.0,8.990253735117461,9.84228237160452,6.698691267069662,8.191993482183324,,,,,,,38
365.0,8.996355386537417,7.201872932469928,4.710725134675919,5.905846423800976,,,,,,,50
366.0,6.681195846419953,5.970440768291949,3.559384110912692,4.609630170832294,,,,,,,42
367.0,6.844175136944849,7.296311685130835,5.039274444589852,6.091191659815634,,,,,,,30
368.0,7.56662213683623,6.811086054567,4.7084365277037215,5.795628229382785,,,,,,,44
369.0,5.623962977945516,5.453425521341343,4.469408404115624,4.953309306683595,,,,,,,34
370.0,6.409576153101271,6.902973833828585,4.38473932005285,5.478148029851103,,,,,,,28
371.0,7.828461085145713,8.301483016842724,5.405758246742285,6.669228694278556,,,,,,,38
372.0,6.179927769403248,6.706038664366609,4.253310670330628,5.321917204602739,,,,,,,26
373.0,6.256752809669055,6.388418553480676,5.06189784685962,5.795273218290142,,,,,,,32
374.0,4.104408735620893,3.23541674124135,2.064677541144864,2.645324827447471,,,,,,,34
375.0,8.276609649331709,7.352141512151193,4.9154545457550896,6.181141869722367,,,,,,,48
376.0,6.054609722141105,6.163118115189209,4.694704076186336,5.4512441835059215,,,,,,,36
377.0,5.238127681568997,5.037397310939404,3.148558240531356,3.995757856364133,,,,,,,30
379.0,7.570060147609572,7.922248525409119,4.731216669239105,6.121654659027877,,,,,,,38
380.0,5.820132557432351,5.951686055252471,3.595779583001281,4.609934437959221,,,,,,,30
381.0,4.5273252332570335,4.312523549826713,2.925121243478929,3.507376289451644,,,,,,,30
384.0,5.596476475733889,5.735152961120721,4.0131813539461305,4.840207968861903,,,,,,,30
385.0,7.607119256247342,8.076322786551756,4.703167376407112,6.137972843676667,,,,,,,40
386.0,6.3313670607316,6.825700158108457,4.559417800550409,5.627720828715352,,,,,,,30
388.0,4.966866189898768,5.170567924601182,4.138418634714087,4.709054824287707,,,,,,,24
389.0,6.62174360090024,7.200812296367269,5.166722330967892,6.135478880557458,,,,,,,30
390.0,8.05152991036093,9.069184794007922,4.839313858485909,6.721456389864441,,,,,,,34
391.0,5.556032047372561,5.544542108029316,4.472282380189408,4.954351638281915,,,,,,,30
392.0,6.794622272736065,6.95814101858122,5.063932350724403,6.107850581945529,,,,,,,30
393.0,4.687017946790229,2.6903659614273394,1.8840029924325157,2.2375278193297645,,,,,,,24
394.0,7.208196589382964,7.557337638495691,5.328296841410634,6.490086050898912,,,,,,,32
395.0,6.369464937613637,6.877098278078187,5.251920566803419,5.948908163351331,,,,,,,28
396.0,5.9668914095126375,6.3300459756412994,4.208282143210437,5.210349986556345,,,,,,,28
397.0,6.8071999862715575,6.6244720714543535,4.254612898041383,5.434066489902947,,,,,,,36
398.0,5.115897459674288,5.164853181069543,3.9156806049315582,4.600845756102377,,,,,,,30
399.0,7.837987069623275,8.254990804981526,6.077656925343009,7.070159184722319,,,,,,,34
400.0,6.941969110050911,5.932020686119653,4.63194580599401,5.277658358203996,,,,,,,34
401.0,7.061859305573502,7.193016396859581,5.449024620458285,6.296395528510416,,,,,,,34
402.0,3.458005389319396,3.056030441503508,1.9856570403739109,2.489248055378922,,,,,,,28
403.0,5.265431973473786,5.627631788687184,4.712599535929128,5.127641412274159,,,,,,,28
404.0,6.906610620199195,7.740119086359562,4.942270532493482,6.24225760221335,,,,,,,30
