,count,mean,std,min,25%,50%,75%,max
1,9438.0,76.42731510913329,14.116601573601175,21.0,67.0,79.0,88.0,100.0
2,9438.0,76.42731510913329,14.116601573601175,21.0,67.0,79.0,88.0,100.0
3,9438.0,76.42731510913329,14.116601573601175,21.0,67.0,79.0,88.0,100.0
4,9438.0,76.42731510913329,14.116601573601175,21.0,67.0,79.0,88.0,100.0
5,9438.0,76.42731510913329,14.116601573601175,21.0,67.0,79.0,88.0,100.0
6,9438.0,76.42731510913329,14.116601573601175,21.0,67.0,79.0,88.0,100.0
7,9438.0,76.42731510913329,14.116601573601175,21.0,67.0,79.0,88.0,100.0
8,9438.0,76.42731510913329,14.116601573601175,21.0,67.0,79.0,88.0,100.0
9,9438.0,76.42731510913329,14.116601573601175,21.0,67.0,79.0,88.0,100.0
10,9438.0,76.42731510913329,14.116601573601175,21.0,67.0,79.0,88.0,100.0
11,9438.0,76.42731510913329,14.116601573601175,21.0,67.0,79.0,88.0,100.0
12,9438.0,76.42731510913329,14.116601573601175,21.0,67.0,79.0,88.0,100.0
13,9438.0,76.42731510913329,14.116601573601175,21.0,67.0,79.0,88.0,100.0
14,9438.0,66.72367026912481,11.55362768163743,22.0,58.0,69.0,76.0,89.0
16,9438.0,76.42731510913329,14.116601573601175,21.0,67.0,79.0,88.0,100.0
17,9438.0,66.72367026912481,11.55362768163743,22.0,58.0,69.0,76.0,89.0
18,9438.0,66.72367026912481,11.55362768163743,22.0,58.0,69.0,76.0,89.0
19,9438.0,76.42731510913329,14.116601573601175,21.0,67.0,79.0,88.0,100.0
21,9438.0,66.72367026912481,11.55362768163743,22.0,58.0,69.0,76.0,89.0
22,9438.0,76.42731510913329,14.116601573601175,21.0,67.0,79.0,88.0,100.0
23,9438.0,78.33121424030514,15.39894416907998,26.0,67.0,79.0,92.0,100.0
24,9438.0,66.72367026912481,11.55362768163743,22.0,58.0,69.0,76.0,89.0
25,9438.0,76.42731510913329,14.116601573601175,21.0,67.0,79.0,88.0,100.0
26,9438.0,76.42731510913329,14.116601573601175,21.0,67.0,79.0,88.0,100.0
27,9438.0,78.33121424030514,15.39894416907998,26.0,67.0,79.0,92.0,100.0
29,9438.0,75.68743377834286,15.906676313590923,25.0,65.0,78.0,88.0,100.0
30,9438.0,76.42731510913329,14.116601573601175,21.0,67.0,79.0,88.0,100.0
31,9438.0,76.42731510913329,14.116601573601175,21.0,67.0,79.0,88.0,100.0
32,9438.0,76.42731510913329,14.116601573601175,21.0,67.0,79.0,88.0,100.0
33,9438.0,76.42731510913329,14.116601573601175,21.0,67.0,79.0,88.0,100.0
34,9438.0,66.72367026912481,11.55362768163743,22.0,58.0,69.0,76.0,89.0
35,9438.0,66.72367026912481,11.55362768163743,22.0,58.0,69.0,76.0,89.0
36,9438.0,76.42731510913329,14.116601573601175,21.0,67.0,79.0,88.0,100.0
37,9438.0,66.72367026912481,11.55362768163743,22.0,58.0,69.0,76.0,89.0
38,9438.0,75.68743377834286,15.906676313590923,25.0,65.0,78.0,88.0,100.0
39,9438.0,78.33121424030514,15.39894416907998,26.0,67.0,79.0,92.0,100.0
40,9438.0,76.42731510913329,14.116601573601175,21.0,67.0,79.0,88.0,100.0
41,9438.0,78.33121424030514,15.39894416907998,26.0,67.0,79.0,92.0,100.0
42,9438.0,76.42731510913329,14.116601573601175,21.0,67.0,79.0,88.0,100.0
43,9438.0,76.42731510913329,14.116601573601175,21.0,67.0,79.0,88.0,100.0
44,9438.0,78.33121424030514,15.39894416907998,26.0,67.0,79.0,92.0,100.0
45,9438.0,76.42731510913329,14.116601573601175,21.0,67.0,79.0,88.0,100.0
46,9438.0,78.33121424030514,15.39894416907998,26.0,67.0,79.0,92.0,100.0
48,9438.0,78.33121424030514,15.39894416907998,26.0,67.0,79.0,92.0,100.0
49,9438.0,76.42731510913329,14.116601573601175,21.0,67.0,79.0,88.0,100.0
50,9438.0,78.33121424030514,15.39894416907998,26.0,67.0,79.0,92.0,100.0
51,9438.0,66.72367026912481,11.55362768163743,22.0,58.0,69.0,76.0,89.0
52,9438.0,66.72367026912481,11.55362768163743,22.0,58.0,69.0,76.0,89.0
53,9438.0,66.72367026912481,11.55362768163743,22.0,58.0,69.0,76.0,89.0
54,9438.0,76.42731510913329,14.116601573601175,21.0,67.0,79.0,88.0,100.0
55,9438.0,66.72367026912481,11.55362768163743,22.0,58.0,69.0,76.0,89.0
56,9438.0,75.68743377834286,15.906676313590923,25.0,65.0,78.0,88.0,100.0
57,9438.0,76.42731510913329,14.116601573601175,21.0,67.0,79.0,88.0,100.0
59,9438.0,66.72367026912481,11.55362768163743,22.0,58.0,69.0,76.0,89.0
60,9438.0,66.72367026912481,11.55362768163743,22.0,58.0,69.0,76.0,89.0
61,9438.0,76.42731510913329,14.116601573601175,21.0,67.0,79.0,88.0,100.0
62,9438.0,75.68743377834286,15.906676313590923,25.0,65.0,78.0,88.0,100.0
63,9438.0,76.42731510913329,14.116601573601175,21.0,67.0,79.0,88.0,100.0
64,9438.0,75.68743377834286,15.906676313590923,25.0,65.0,78.0,88.0,100.0
65,9438.0,75.68743377834286,15.906676313590923,25.0,65.0,78.0,88.0,100.0
66,9438.0,76.42731510913329,14.116601573601175,21.0,67.0,79.0,88.0,100.0
67,9438.0,75.68743377834286,15.906676313590923,25.0,65.0,78.0,88.0,100.0
68,9438.0,75.68743377834286,15.906676313590923,25.0,65.0,78.0,88.0,100.0
70,9438.0,76.42731510913329,14.116601573601175,21.0,67.0,79.0,88.0,100.0
71,9438.0,76.42731510913329,14.116601573601175,21.0,67.0,79.0,88.0,100.0
72,9438.0,66.72367026912481,11.55362768163743,22.0,58.0,69.0,76.0,89.0
73,9438.0,71.86829836829837,11.710126169272687,30.0,64.0,72.0,80.0,98.0
74,9438.0,66.72367026912481,11.55362768163743,22.0,58.0,69.0,76.0,89.0
75,9438.0,76.42731510913329,14.116601573601175,21.0,67.0,79.0,88.0,100.0
76,9438.0,66.72367026912481,11.55362768163743,22.0,58.0,69.0,76.0,89.0
77,9438.0,76.42731510913329,14.116601573601175,21.0,67.0,79.0,88.0,100.0
78,9438.0,66.72367026912481,11.55362768163743,22.0,58.0,69.0,76.0,89.0
79,9763.0,66.70756939465328,11.536368610584914,22.0,58.0,69.0,76.0,89.0
80,9438.0,75.68743377834286,15.906676313590923,25.0,65.0,78.0,88.0,100.0
81,9438.0,75.68743377834286,15.906676313590923,25.0,65.0,78.0,88.0,100.0
82,9438.0,75.68743377834286,15.906676313590923,25.0,65.0,78.0,88.0,100.0
83,9438.0,66.72367026912481,11.55362768163743,22.0,58.0,69.0,76.0,89.0
84,9438.0,75.68743377834286,15.906676313590923,25.0,65.0,78.0,88.0,100.0
85,9438.0,76.42731510913329,14.116601573601175,21.0,67.0,79.0,88.0,100.0
86,9438.0,66.72367026912481,11.55362768163743,22.0,58.0,69.0,76.0,89.0
87,9438.0,76.42731510913329,14.116601573601175,21.0,67.0,79.0,88.0,100.0
88,9438.0,76.42731510913329,14.116601573601175,21.0,67.0,79.0,88.0,100.0
89,9438.0,75.68743377834286,15.906676313590923,25.0,65.0,78.0,88.0,100.0
90,9438.0,75.68743377834286,15.906676313590923,25.0,65.0,78.0,88.0,100.0
91,9438.0,66.72367026912481,11.55362768163743,22.0,58.0,69.0,76.0,89.0
92,9438.0,75.68743377834286,15.906676313590923,25.0,65.0,78.0,88.0,100.0
93,9438.0,76.42731510913329,14.116601573601175,21.0,67.0,79.0,88.0,100.0
94,9438.0,76.42731510913329,14.116601573601175,21.0,67.0,79.0,88.0,100.0
95,9438.0,75.68743377834286,15.906676313590923,25.0,65.0,78.0,88.0,100.0
96,9438.0,78.33121424030514,15.39894416907998,26.0,67.0,79.0,92.0,100.0
97,9438.0,71.86829836829837,11.710126169272687,30.0,64.0,72.0,80.0,98.0
98,9438.0,76.42731510913329,14.116601573601175,21.0,67.0,79.0,88.0,100.0
100,9438.0,66.72367026912481,11.55362768163743,22.0,58.0,69.0,76.0,89.0
102,9438.0,75.68743377834286,15.906676313590923,25.0,65.0,78.0,88.0,100.0
103,9438.0,75.68743377834286,15.906676313590923,25.0,65.0,78.0,88.0,100.0
104,9438.0,76.42731510913329,14.116601573601175,21.0,67.0,79.0,88.0,100.0
105,9438.0,75.68743377834286,15.906676313590923,25.0,65.0,78.0,88.0,100.0
107,9438.0,75.68743377834286,15.906676313590923,25.0,65.0,78.0,88.0,100.0
108,9438.0,71.86829836829837,11.710126169272687,30.0,64.0,72.0,80.0,98.0
109,9438.0,66.72367026912481,11.55362768163743,22.0,58.0,69.0,76.0,89.0
110,9438.0,78.33121424030514,15.39894416907998,26.0,67.0,79.0,92.0,100.0
111,9438.0,66.72367026912481,11.55362768163743,22.0,58.0,69.0,76.0,89.0
112,9438.0,69.4169845306209,11.011387056308944,32.0,62.0,69.0,76.0,97.0
113,9438.0,76.42731510913329,14.116601573601175,21.0,67.0,79.0,88.0,100.0
114,9438.0,75.32549268912905,11.448990123705457,32.0,67.0,76.0,83.0,97.0
115,9438.0,75.68743377834286,15.906676313590923,25.0,65.0,78.0,88.0,100.0
116,9438.0,75.32549268912905,11.448990123705457,32.0,67.0,76.0,83.0,97.0
117,9438.0,69.4169845306209,11.011387056308944,32.0,62.0,69.0,76.0,97.0
118,9438.0,69.4169845306209,11.011387056308944,32.0,62.0,69.0,76.0,97.0
119,9438.0,78.33121424030514,15.39894416907998,26.0,67.0,79.0,92.0,100.0
120,9438.0,75.68743377834286,15.906676313590923,25.0,65.0,78.0,88.0,100.0
121,9438.0,66.72367026912481,11.55362768163743,22.0,58.0,69.0,76.0,89.0
122,9438.0,78.33121424030514,15.39894416907998,26.0,67.0,79.0,92.0,100.0
123,9438.0,75.32549268912905,11.448990123705457,32.0,67.0,76.0,83.0,97.0
124,8541.0,75.1689497716895,11.373614023731522,32.0,67.0,76.0,83.0,97.0
125,9438.0,75.68743377834286,15.906676313590923,25.0,65.0,78.0,88.0,100.0
126,9438.0,76.42731510913329,14.116601573601175,21.0,67.0,79.0,88.0,100.0
127,9438.0,78.33121424030514,15.39894416907998,26.0,67.0,79.0,92.0,100.0
128,9438.0,76.42731510913329,14.116601573601175,21.0,67.0,79.0,88.0,100.0
129,9438.0,78.33121424030514,15.39894416907998,26.0,67.0,79.0,92.0,100.0
130,9438.0,75.68743377834286,15.906676313590923,25.0,65.0,78.0,88.0,100.0
131,9438.0,78.33121424030514,15.39894416907998,26.0,67.0,79.0,92.0,100.0
132,9438.0,76.42731510913329,14.116601573601175,21.0,67.0,79.0,88.0,100.0
133,9438.0,75.32549268912905,11.448990123705457,32.0,67.0,76.0,83.0,97.0
134,9438.0,75.32549268912905,11.448990123705457,32.0,67.0,76.0,83.0,97.0
135,9438.0,69.4169845306209,11.011387056308944,32.0,62.0,69.0,76.0,97.0
136,9438.0,69.4169845306209,11.011387056308944,32.0,62.0,69.0,76.0,97.0
137,9438.0,69.4169845306209,11.011387056308944,32.0,62.0,69.0,76.0,97.0
138,9438.0,76.42731510913329,14.116601573601175,21.0,67.0,79.0,88.0,100.0
139,9438.0,75.68743377834286,15.906676313590923,25.0,65.0,78.0,88.0,100.0
140,9438.0,75.68743377834286,15.906676313590923,25.0,65.0,78.0,88.0,100.0
141,9438.0,76.42731510913329,14.116601573601175,21.0,67.0,79.0,88.0,100.0
142,9438.0,76.42731510913329,14.116601573601175,21.0,67.0,79.0,88.0,100.0
143,9438.0,76.42731510913329,14.116601573601175,21.0,67.0,79.0,88.0,100.0
144,9438.0,76.42731510913329,14.116601573601175,21.0,67.0,79.0,88.0,100.0
145,9438.0,75.68743377834286,15.906676313590923,25.0,65.0,78.0,88.0,100.0
146,9438.0,75.32549268912905,11.448990123705457,32.0,67.0,76.0,83.0,97.0
147,9438.0,71.86829836829837,11.710126169272687,30.0,64.0,72.0,80.0,98.0
148,9438.0,75.32549268912905,11.448990123705457,32.0,67.0,76.0,83.0,97.0
149,9438.0,69.4169845306209,11.011387056308944,32.0,62.0,69.0,76.0,97.0
150,9438.0,76.42731510913329,14.116601573601175,21.0,67.0,79.0,88.0,100.0
151,9438.0,76.42731510913329,14.116601573601175,21.0,67.0,79.0,88.0,100.0
152,9438.0,71.86829836829837,11.710126169272687,30.0,64.0,72.0,80.0,98.0
154,9438.0,71.86829836829837,11.710126169272687,30.0,64.0,72.0,80.0,98.0
155,9438.0,78.33121424030514,15.39894416907998,26.0,67.0,79.0,92.0,100.0
156,9438.0,78.33121424030514,15.39894416907998,26.0,67.0,79.0,92.0,100.0
157,9438.0,78.33121424030514,15.39894416907998,26.0,67.0,79.0,92.0,100.0
158,9438.0,78.33121424030514,15.39894416907998,26.0,67.0,79.0,92.0,100.0
159,9438.0,78.33121424030514,15.39894416907998,26.0,67.0,79.0,92.0,100.0
161,9438.0,69.4169845306209,11.011387056308944,32.0,62.0,69.0,76.0,97.0
162,9438.0,66.72367026912481,11.55362768163743,22.0,58.0,69.0,76.0,89.0
163,9438.0,76.42731510913329,14.116601573601175,21.0,67.0,79.0,88.0,100.0
164,9438.0,69.4169845306209,11.011387056308944,32.0,62.0,69.0,76.0,97.0
165,9438.0,69.4169845306209,11.011387056308944,32.0,62.0,69.0,76.0,97.0
166,9438.0,76.42731510913329,14.116601573601175,21.0,67.0,79.0,88.0,100.0
167,9438.0,71.86829836829837,11.710126169272687,30.0,64.0,72.0,80.0,98.0
169,9438.0,75.68743377834286,15.906676313590923,25.0,65.0,78.0,88.0,100.0
170,9438.0,78.33121424030514,15.39894416907998,26.0,67.0,79.0,92.0,100.0
171,9438.0,76.42731510913329,14.116601573601175,21.0,67.0,79.0,88.0,100.0
172,9438.0,76.42731510913329,14.116601573601175,21.0,67.0,79.0,88.0,100.0
173,9438.0,66.72367026912481,11.55362768163743,22.0,58.0,69.0,76.0,89.0
174,8857.0,66.56452523427797,11.524287879818232,22.0,58.0,68.0,76.0,88.0
175,9438.0,66.72367026912481,11.55362768163743,22.0,58.0,69.0,76.0,89.0
176,9438.0,66.72367026912481,11.55362768163743,22.0,58.0,69.0,76.0,89.0
177,9438.0,71.86829836829837,11.710126169272687,30.0,64.0,72.0,80.0,98.0
178,9438.0,71.86829836829837,11.710126169272687,30.0,64.0,72.0,80.0,98.0
179,9438.0,76.42731510913329,14.116601573601175,21.0,67.0,79.0,88.0,100.0
180,9438.0,78.33121424030514,15.39894416907998,26.0,67.0,79.0,92.0,100.0
181,9438.0,76.42731510913329,14.116601573601175,21.0,67.0,79.0,88.0,100.0
182,9438.0,75.68743377834286,15.906676313590923,25.0,65.0,78.0,88.0,100.0
183,9438.0,75.68743377834286,15.906676313590923,25.0,65.0,78.0,88.0,100.0
184,9438.0,78.33121424030514,15.39894416907998,26.0,67.0,79.0,92.0,100.0
186,9438.0,75.68743377834286,15.906676313590923,25.0,65.0,78.0,88.0,100.0
187,9438.0,76.42731510913329,14.116601573601175,21.0,67.0,79.0,88.0,100.0
188,9438.0,71.86829836829837,11.710126169272687,30.0,64.0,72.0,80.0,98.0
189,9438.0,78.33121424030514,15.39894416907998,26.0,67.0,79.0,92.0,100.0
191,9438.0,78.33121424030514,15.39894416907998,26.0,67.0,79.0,92.0,100.0
192,9438.0,78.33121424030514,15.39894416907998,26.0,67.0,79.0,92.0,100.0
193,9438.0,76.42731510913329,14.116601573601175,21.0,67.0,79.0,88.0,100.0
194,9438.0,66.72367026912481,11.55362768163743,22.0,58.0,69.0,76.0,89.0
195,9438.0,75.68743377834286,15.906676313590923,25.0,65.0,78.0,88.0,100.0
196,9438.0,78.33121424030514,15.39894416907998,26.0,67.0,79.0,92.0,100.0
197,9438.0,76.42731510913329,14.116601573601175,21.0,67.0,79.0,88.0,100.0
201,9438.0,78.33121424030514,15.39894416907998,26.0,67.0,79.0,92.0,100.0
202,9438.0,74.00874125874125,15.091033417628939,26.0,63.0,74.0,86.0,99.0
203,9438.0,75.68743377834286,15.906676313590923,25.0,65.0,78.0,88.0,100.0
204,9438.0,75.32549268912905,11.448990123705457,32.0,67.0,76.0,83.0,97.0
205,9438.0,76.42731510913329,14.116601573601175,21.0,67.0,79.0,88.0,100.0
206,9438.0,76.42731510913329,14.116601573601175,21.0,67.0,79.0,88.0,100.0
207,9438.0,71.86829836829837,11.710126169272687,30.0,64.0,72.0,80.0,98.0
208,9438.0,75.68743377834286,15.906676313590923,25.0,65.0,78.0,88.0,100.0
209,9438.0,69.4169845306209,11.011387056308944,32.0,62.0,69.0,76.0,97.0
210,9438.0,78.33121424030514,15.39894416907998,26.0,67.0,79.0,92.0,100.0
211,9438.0,78.33121424030514,15.39894416907998,26.0,67.0,79.0,92.0,100.0
212,9438.0,78.33121424030514,15.39894416907998,26.0,67.0,79.0,92.0,100.0
213,9438.0,75.32549268912905,11.448990123705457,32.0,67.0,76.0,83.0,97.0
214,9438.0,76.42731510913329,14.116601573601175,21.0,67.0,79.0,88.0,100.0
215,9438.0,75.68743377834286,15.906676313590923,25.0,65.0,78.0,88.0,100.0
216,9438.0,78.33121424030514,15.39894416907998,26.0,67.0,79.0,92.0,100.0
217,9438.0,78.33121424030514,15.39894416907998,26.0,67.0,79.0,92.0,100.0
218,9438.0,76.42731510913329,14.116601573601175,21.0,67.0,79.0,88.0,100.0
219,9438.0,75.68743377834286,15.906676313590923,25.0,65.0,78.0,88.0,100.0
220,9438.0,75.68743377834286,15.906676313590923,25.0,65.0,78.0,88.0,100.0
221,9438.0,76.42731510913329,14.116601573601175,21.0,67.0,79.0,88.0,100.0
222,9438.0,66.72367026912481,11.55362768163743,22.0,58.0,69.0,76.0,89.0
223,9438.0,69.4169845306209,11.011387056308944,32.0,62.0,69.0,76.0,97.0
224,9438.0,71.86829836829837,11.710126169272687,30.0,64.0,72.0,80.0,98.0
225,9438.0,76.42731510913329,14.116601573601175,21.0,67.0,79.0,88.0,100.0
226,9438.0,78.33121424030514,15.39894416907998,26.0,67.0,79.0,92.0,100.0
227,9438.0,78.33121424030514,15.39894416907998,26.0,67.0,79.0,92.0,100.0
228,9438.0,76.42731510913329,14.116601573601175,21.0,67.0,79.0,88.0,100.0
229,5469.0,74.85993783141342,17.13658453998953,25.0,64.0,77.0,88.0,100.0
230,9438.0,78.33121424030514,15.39894416907998,26.0,67.0,79.0,92.0,100.0
231,9438.0,66.72367026912481,11.55362768163743,22.0,58.0,69.0,76.0,89.0
232,9438.0,75.32549268912905,11.448990123705457,32.0,67.0,76.0,83.0,97.0
233,9438.0,74.00874125874125,15.091033417628939,26.0,63.0,74.0,86.0,99.0
234,9438.0,75.32549268912905,11.448990123705457,32.0,67.0,76.0,83.0,97.0
235,9438.0,76.42731510913329,14.116601573601175,21.0,67.0,79.0,88.0,100.0
236,9438.0,74.00874125874125,15.091033417628939,26.0,63.0,74.0,86.0,99.0
237,7676.0,76.28348097967691,14.174485705016677,21.0,66.0,79.0,88.0,100.0
238,9438.0,78.33121424030514,15.39894416907998,26.0,67.0,79.0,92.0,100.0
241,9438.0,76.42731510913329,14.116601573601175,21.0,67.0,79.0,88.0,100.0
242,9438.0,74.00874125874125,15.091033417628939,26.0,63.0,74.0,86.0,99.0
243,9438.0,71.86829836829837,11.710126169272687,30.0,64.0,72.0,80.0,98.0
244,9438.0,66.72367026912481,11.55362768163743,22.0,58.0,69.0,76.0,89.0
245,9438.0,66.72367026912481,11.55362768163743,22.0,58.0,69.0,76.0,89.0
246,9438.0,78.33121424030514,15.39894416907998,26.0,67.0,79.0,92.0,100.0
247,9438.0,76.42731510913329,14.116601573601175,21.0,67.0,79.0,88.0,100.0
248,9463.0,76.40483990277924,14.115727328565892,21.0,67.0,79.0,88.0,100.0
249,9438.0,75.68743377834286,15.906676313590923,25.0,65.0,78.0,88.0,100.0
250,9438.0,66.72367026912481,11.55362768163743,22.0,58.0,69.0,76.0,89.0
251,9438.0,71.86829836829837,11.710126169272687,30.0,64.0,72.0,80.0,98.0
252,9438.0,76.42731510913329,14.116601573601175,21.0,67.0,79.0,88.0,100.0
253,9438.0,75.32549268912905,11.448990123705457,32.0,67.0,76.0,83.0,97.0
254,9438.0,74.00874125874125,15.091033417628939,26.0,63.0,74.0,86.0,99.0
255,9438.0,76.42731510913329,14.116601573601175,21.0,67.0,79.0,88.0,100.0
256,9438.0,75.32549268912905,11.448990123705457,32.0,67.0,76.0,83.0,97.0
257,9438.0,75.68743377834286,15.906676313590923,25.0,65.0,78.0,88.0,100.0
258,9438.0,75.68743377834286,15.906676313590923,25.0,65.0,78.0,88.0,100.0
259,9438.0,66.72367026912481,11.55362768163743,22.0,58.0,69.0,76.0,89.0
260,9438.0,78.33121424030514,15.39894416907998,26.0,67.0,79.0,92.0,100.0
261,9438.0,76.42731510913329,14.116601573601175,21.0,67.0,79.0,88.0,100.0
262,9438.0,76.42731510913329,14.116601573601175,21.0,67.0,79.0,88.0,100.0
263,9438.0,75.32549268912905,11.448990123705457,32.0,67.0,76.0,83.0,97.0
265,9438.0,74.00874125874125,15.091033417628939,26.0,63.0,74.0,86.0,99.0
266,9438.0,78.33121424030514,15.39894416907998,26.0,67.0,79.0,92.0,100.0
267,9438.0,76.42731510913329,14.116601573601175,21.0,67.0,79.0,88.0,100.0
268,9438.0,78.33121424030514,15.39894416907998,26.0,67.0,79.0,92.0,100.0
269,9438.0,78.33121424030514,15.39894416907998,26.0,67.0,79.0,92.0,100.0
270,9438.0,75.32549268912905,11.448990123705457,32.0,67.0,76.0,83.0,97.0
271,9438.0,66.72367026912481,11.55362768163743,22.0,58.0,69.0,76.0,89.0
272,9438.0,76.42731510913329,14.116601573601175,21.0,67.0,79.0,88.0,100.0
273,9438.0,75.32549268912905,11.448990123705457,32.0,67.0,76.0,83.0,97.0
274,9438.0,78.33121424030514,15.39894416907998,26.0,67.0,79.0,92.0,100.0
275,9438.0,75.68743377834286,15.906676313590923,25.0,65.0,78.0,88.0,100.0
276,9438.0,76.42731510913329,14.116601573601175,21.0,67.0,79.0,88.0,100.0
277,9438.0,75.68743377834286,15.906676313590923,25.0,65.0,78.0,88.0,100.0
278,9438.0,78.33121424030514,15.39894416907998,26.0,67.0,79.0,92.0,100.0
279,9438.0,78.33121424030514,15.39894416907998,26.0,67.0,79.0,92.0,100.0
280,9438.0,71.86829836829837,11.710126169272687,30.0,64.0,72.0,80.0,98.0
281,9438.0,66.72367026912481,11.55362768163743,22.0,58.0,69.0,76.0,89.0
282,9438.0,76.42731510913329,14.116601573601175,21.0,67.0,79.0,88.0,100.0
283,9438.0,74.00874125874125,15.091033417628939,26.0,63.0,74.0,86.0,99.0
284,9438.0,75.32549268912905,11.448990123705457,32.0,67.0,76.0,83.0,97.0
285,9438.0,75.68743377834286,15.906676313590923,25.0,65.0,78.0,88.0,100.0
286,9438.0,78.33121424030514,15.39894416907998,26.0,67.0,79.0,92.0,100.0
287,9438.0,66.72367026912481,11.55362768163743,22.0,58.0,69.0,76.0,89.0
288,9438.0,75.68743377834286,15.906676313590923,25.0,65.0,78.0,88.0,100.0
289,9438.0,75.68743377834286,15.906676313590923,25.0,65.0,78.0,88.0,100.0
290,9438.0,66.72367026912481,11.55362768163743,22.0,58.0,69.0,76.0,89.0
291,9438.0,76.42731510913329,14.116601573601175,21.0,67.0,79.0,88.0,100.0
292,9438.0,76.42731510913329,14.116601573601175,21.0,67.0,79.0,88.0,100.0
293,9438.0,75.68743377834286,15.906676313590923,25.0,65.0,78.0,88.0,100.0
294,9438.0,66.72367026912481,11.55362768163743,22.0,58.0,69.0,76.0,89.0
295,9438.0,76.42731510913329,14.116601573601175,21.0,67.0,79.0,88.0,100.0
296,9438.0,76.42731510913329,14.116601573601175,21.0,67.0,79.0,88.0,100.0
297,9438.0,75.68743377834286,15.906676313590923,25.0,65.0,78.0,88.0,100.0
298,9438.0,75.68743377834286,15.906676313590923,25.0,65.0,78.0,88.0,100.0
299,9438.0,75.68743377834286,15.906676313590923,25.0,65.0,78.0,88.0,100.0
300,9438.0,76.42731510913329,14.116601573601175,21.0,67.0,79.0,88.0,100.0
301,9438.0,66.72367026912481,11.55362768163743,22.0,58.0,69.0,76.0,89.0
302,9438.0,66.72367026912481,11.55362768163743,22.0,58.0,69.0,76.0,89.0
303,9438.0,78.33121424030514,15.39894416907998,26.0,67.0,79.0,92.0,100.0
304,9438.0,66.72367026912481,11.55362768163743,22.0,58.0,69.0,76.0,89.0
305,9438.0,78.33121424030514,15.39894416907998,26.0,67.0,79.0,92.0,100.0
307,9438.0,76.42731510913329,14.116601573601175,21.0,67.0,79.0,88.0,100.0
308,9438.0,76.42731510913329,14.116601573601175,21.0,67.0,79.0,88.0,100.0
309,9438.0,66.72367026912481,11.55362768163743,22.0,58.0,69.0,76.0,89.0
310,9438.0,66.72367026912481,11.55362768163743,22.0,58.0,69.0,76.0,89.0
312,9438.0,76.42731510913329,14.116601573601175,21.0,67.0,79.0,88.0,100.0
314,9438.0,66.72367026912481,11.55362768163743,22.0,58.0,69.0,76.0,89.0
315,9438.0,76.42731510913329,14.116601573601175,21.0,67.0,79.0,88.0,100.0
316,9438.0,66.72367026912481,11.55362768163743,22.0,58.0,69.0,76.0,89.0
317,9438.0,75.68743377834286,15.906676313590923,25.0,65.0,78.0,88.0,100.0
318,9438.0,78.33121424030514,15.39894416907998,26.0,67.0,79.0,92.0,100.0
319,9438.0,66.72367026912481,11.55362768163743,22.0,58.0,69.0,76.0,89.0
320,9438.0,76.42731510913329,14.116601573601175,21.0,67.0,79.0,88.0,100.0
321,9438.0,75.68743377834286,15.906676313590923,25.0,65.0,78.0,88.0,100.0
322,9438.0,66.72367026912481,11.55362768163743,22.0,58.0,69.0,76.0,89.0
323,9438.0,66.72367026912481,11.55362768163743,22.0,58.0,69.0,76.0,89.0
324,9438.0,71.86829836829837,11.710126169272687,30.0,64.0,72.0,80.0,98.0
325,9438.0,78.33121424030514,15.39894416907998,26.0,67.0,79.0,92.0,100.0
326,9438.0,76.42731510913329,14.116601573601175,21.0,67.0,79.0,88.0,100.0
327,9438.0,75.68743377834286,15.906676313590923,25.0,65.0,78.0,88.0,100.0
328,9438.0,66.72367026912481,11.55362768163743,22.0,58.0,69.0,76.0,89.0
329,9438.0,78.33121424030514,15.39894416907998,26.0,67.0,79.0,92.0,100.0
330,8684.0,71.64860663288808,11.65561481006215,30.0,64.0,72.0,80.0,98.0
331,9438.0,66.72367026912481,11.55362768163743,22.0,58.0,69.0,76.0,89.0
332,9438.0,75.68743377834286,15.906676313590923,25.0,65.0,78.0,88.0,100.0
333,9438.0,76.42731510913329,14.116601573601175,21.0,67.0,79.0,88.0,100.0
334,9438.0,76.42731510913329,14.116601573601175,21.0,67.0,79.0,88.0,100.0
335,9438.0,76.42731510913329,14.116601573601175,21.0,67.0,79.0,88.0,100.0
336,9438.0,75.68743377834286,15.906676313590923,25.0,65.0,78.0,88.0,100.0
337,9438.0,76.42731510913329,14.116601573601175,21.0,67.0,79.0,88.0,100.0
338,9438.0,76.42731510913329,14.116601573601175,21.0,67.0,79.0,88.0,100.0
339,9438.0,71.86829836829837,11.710126169272687,30.0,64.0,72.0,80.0,98.0
340,9438.0,76.42731510913329,14.116601573601175,21.0,67.0,79.0,88.0,100.0
341,9438.0,75.32549268912905,11.448990123705457,32.0,67.0,76.0,83.0,97.0
342,9438.0,69.4169845306209,11.011387056308944,32.0,62.0,69.0,76.0,97.0
343,9438.0,76.42731510913329,14.116601573601175,21.0,67.0,79.0,88.0,100.0
344,9438.0,66.72367026912481,11.55362768163743,22.0,58.0,69.0,76.0,89.0
345,9438.0,75.68743377834286,15.906676313590923,25.0,65.0,78.0,88.0,100.0
347,9438.0,75.68743377834286,15.906676313590923,25.0,65.0,78.0,88.0,100.0
348,9438.0,66.72367026912481,11.55362768163743,22.0,58.0,69.0,76.0,89.0
349,9438.0,71.86829836829837,11.710126169272687,30.0,64.0,72.0,80.0,98.0
350,9438.0,76.42731510913329,14.116601573601175,21.0,67.0,79.0,88.0,100.0
351,9438.0,75.68743377834286,15.906676313590923,25.0,65.0,78.0,88.0,100.0
352,9438.0,75.68743377834286,15.906676313590923,25.0,65.0,78.0,88.0,100.0
353,9438.0,75.68743377834286,15.906676313590923,25.0,65.0,78.0,88.0,100.0
354,9438.0,66.72367026912481,11.55362768163743,22.0,58.0,69.0,76.0,89.0
355,9438.0,76.42731510913329,14.116601573601175,21.0,67.0,79.0,88.0,100.0
356,9438.0,78.33121424030514,15.39894416907998,26.0,67.0,79.0,92.0,100.0
357,9438.0,76.42731510913329,14.116601573601175,21.0,67.0,79.0,88.0,100.0
358,9438.0,78.33121424030514,15.39894416907998,26.0,67.0,79.0,92.0,100.0
359,9438.0,76.42731510913329,14.116601573601175,21.0,67.0,79.0,88.0,100.0
360,9438.0,66.72367026912481,11.55362768163743,22.0,58.0,69.0,76.0,89.0
361,9438.0,75.32549268912905,11.448990123705457,32.0,67.0,76.0,83.0,97.0
362,9438.0,75.68743377834286,15.906676313590923,25.0,65.0,78.0,88.0,100.0
363,9438.0,76.42731510913329,14.116601573601175,21.0,67.0,79.0,88.0,100.0
364,9438.0,76.42731510913329,14.116601573601175,21.0,67.0,79.0,88.0,100.0
365,9438.0,69.4169845306209,11.011387056308944,32.0,62.0,69.0,76.0,97.0
366,9438.0,78.33121424030514,15.39894416907998,26.0,67.0,79.0,92.0,100.0
367,9438.0,69.4169845306209,11.011387056308944,32.0,62.0,69.0,76.0,97.0
368,9438.0,75.32549268912905,11.448990123705457,32.0,67.0,76.0,83.0,97.0
369,9438.0,76.42731510913329,14.116601573601175,21.0,67.0,79.0,88.0,100.0
370,9438.0,75.68743377834286,15.906676313590923,25.0,65.0,78.0,88.0,100.0
371,9438.0,75.68743377834286,15.906676313590923,25.0,65.0,78.0,88.0,100.0
372,9438.0,75.68743377834286,15.906676313590923,25.0,65.0,78.0,88.0,100.0
373,9438.0,66.72367026912481,11.55362768163743,22.0,58.0,69.0,76.0,89.0
374,9438.0,78.33121424030514,15.39894416907998,26.0,67.0,79.0,92.0,100.0
375,9438.0,75.32549268912905,11.448990123705457,32.0,67.0,76.0,83.0,97.0
376,9438.0,66.72367026912481,11.55362768163743,22.0,58.0,69.0,76.0,89.0
377,9438.0,78.33121424030514,15.39894416907998,26.0,67.0,79.0,92.0,100.0
379,9438.0,76.42731510913329,14.116601573601175,21.0,67.0,79.0,88.0,100.0
380,9438.0,78.33121424030514,15.39894416907998,26.0,67.0,79.0,92.0,100.0
381,9438.0,78.33121424030514,15.39894416907998,26.0,67.0,79.0,92.0,100.0
384,9438.0,66.72367026912481,11.55362768163743,22.0,58.0,69.0,76.0,89.0
385,9438.0,76.42731510913329,14.116601573601175,21.0,67.0,79.0,88.0,100.0
386,9438.0,66.72367026912481,11.55362768163743,22.0,58.0,69.0,76.0,89.0
388,9438.0,76.42731510913329,14.116601573601175,21.0,67.0,79.0,88.0,100.0
389,9438.0,76.42731510913329,14.116601573601175,21.0,67.0,79.0,88.0,100.0
390,9438.0,69.4169845306209,11.011387056308944,32.0,62.0,69.0,76.0,97.0
391,9438.0,76.42731510913329,14.116601573601175,21.0,67.0,79.0,88.0,100.0
392,9438.0,76.42731510913329,14.116601573601175,21.0,67.0,79.0,88.0,100.0
393,9438.0,78.33121424030514,15.39894416907998,26.0,67.0,79.0,92.0,100.0
394,9438.0,76.42731510913329,14.116601573601175,21.0,67.0,79.0,88.0,100.0
395,9438.0,76.42731510913329,14.116601573601175,21.0,67.0,79.0,88.0,100.0
396,9438.0,78.33121424030514,15.39894416907998,26.0,67.0,79.0,92.0,100.0
397,9438.0,71.86829836829837,11.710126169272687,30.0,64.0,72.0,80.0,98.0
398,9438.0,75.32549268912905,11.448990123705457,32.0,67.0,76.0,83.0,97.0
399,9438.0,75.68743377834286,15.906676313590923,25.0,65.0,78.0,88.0,100.0
400,9438.0,76.42731510913329,14.116601573601175,21.0,67.0,79.0,88.0,100.0
401,9439.0,66.72094501536179,11.55604917951545,22.0,58.0,69.0,76.0,89.0
402,9438.0,78.33121424030514,15.39894416907998,26.0,67.0,79.0,92.0,100.0
403,9438.0,78.33121424030514,15.39894416907998,26.0,67.0,79.0,92.0,100.0
404,9438.0,71.86829836829837,11.710126169272687,30.0,64.0,72.0,80.0,98.0
