,0
2021/2/1 00:00,14.64297798
2021/2/1 01:00,15.81535744
2021/2/1 02:00,17.14924468
2021/2/1 03:00,13.30262389
2021/2/1 04:00,14.50073611
2021/2/1 05:00,14.18948888
2021/2/1 06:00,14.52279232
2021/2/1 07:00,16.12147782
2021/2/1 08:00,19.52910211
2021/2/1 09:00,17.16265248
2021/2/1 10:00,9.809703445
2021/2/1 11:00,2.006762903
2021/2/1 12:00,7.269134075
2021/2/1 13:00,3.520957327
2021/2/1 14:00,-2.01662179
2021/2/1 15:00,2.661911882
2021/2/1 16:00,5.822751633
2021/2/1 17:00,0.510330935
2021/2/1 18:00,1.080482591
2021/2/1 19:00,6.960182505
2021/2/1 20:00,6.645794969
2021/2/1 21:00,3.132158488
2021/2/1 22:00,4.753678677
2021/2/1 23:00,7.835716105
2021/2/2 00:00,15.27379328
2021/2/2 01:00,14.29646112
2021/2/2 02:00,13.20915034
2021/2/2 03:00,14.09851885
2021/2/2 04:00,14.10713507
2021/2/2 05:00,14.00569533
2021/2/2 06:00,9.169847442
2021/2/2 07:00,13.95431656
2021/2/2 08:00,14.84216355
2021/2/2 09:00,8.164289922
2021/2/2 10:00,9.702663623
2021/2/2 11:00,15.55150353
2021/2/2 12:00,16.27006511
2021/2/2 13:00,13.92263459
2021/2/2 14:00,25.58427299
2021/2/2 15:00,11.99077357
2021/2/2 16:00,11.5622227
2021/2/2 17:00,13.56867775
2021/2/2 18:00,16.25119264
2021/2/2 19:00,14.83106928
2021/2/2 20:00,9.022312402
2021/2/2 21:00,6.364053933
2021/2/2 22:00,16.56428563
2021/2/2 23:00,12.17951891
2021/2/3 00:00,14.03746131
2021/2/3 01:00,13.29897303
2021/2/3 02:00,10.000678
2021/2/3 03:00,10.39829649
2021/2/3 04:00,12.36073453
2021/2/3 05:00,11.6829501
2021/2/3 06:00,13.23504026
2021/2/3 07:00,18.41040202
2021/2/3 08:00,22.07843705
2021/2/3 09:00,16.56391774
2021/2/3 10:00,22.83962591
2021/2/3 11:00,20.50453557
2021/2/3 12:00,16.15858304
2021/2/3 13:00,12.0266179
2021/2/3 14:00,8.047625637
2021/2/3 15:00,-0.813541652
2021/2/3 16:00,6.146062855
2021/2/3 17:00,17.43079682
2021/2/3 18:00,13.58178144
2021/2/3 19:00,6.759061665
2021/2/3 20:00,10.69214138
2021/2/3 21:00,5.00846192
2021/2/3 22:00,2.793546574
2021/2/3 23:00,11.15573249
2021/2/4 00:00,7.352229231
2021/2/4 01:00,9.630943358
2021/2/4 02:00,8.616174472
2021/2/4 03:00,7.505270644
2021/2/4 04:00,6.668119455
2021/2/4 05:00,6.368773533
2021/2/4 06:00,6.871455572
2021/2/4 07:00,11.91488846
2021/2/4 08:00,15.79134308
2021/2/4 09:00,15.1928032
2021/2/4 10:00,14.9287208
2021/2/4 11:00,21.98680492
2021/2/4 12:00,17.88958027
2021/2/4 13:00,15.20842887
2021/2/4 14:00,14.22880118
2021/2/4 15:00,19.12952911
2021/2/4 16:00,15.95660242
2021/2/4 17:00,16.86749019
2021/2/4 18:00,16.84992725
2021/2/4 19:00,31.26531702
2021/2/4 20:00,18.62738608
2021/2/4 21:00,18.46297494
2021/2/4 22:00,17.71599613
2021/2/4 23:00,10.78977522
2021/2/5 00:00,10.46585365
2021/2/5 01:00,9.635783061
2021/2/5 02:00,9.09265112
2021/2/5 03:00,6.601339786
2021/2/5 04:00,7.447706866
2021/2/5 05:00,5.778584181
2021/2/5 06:00,7.221959069
2021/2/5 07:00,14.27661744
2021/2/5 08:00,13.5849019
2021/2/5 09:00,17.70251872
2021/2/5 10:00,24.00747314
2021/2/5 11:00,22.73476397
2021/2/5 12:00,26.86541092
2021/2/5 13:00,31.20272436
2021/2/5 14:00,19.82626384
2021/2/5 15:00,14.04262389
2021/2/5 16:00,5.242844552
2021/2/5 17:00,2.766079293
2021/2/5 18:00,9.145183974
2021/2/5 19:00,11.44822639
2021/2/5 20:00,6.093789257
2021/2/5 21:00,4.460179841
2021/2/5 22:00,2.376668442
2021/2/5 23:00,1.872187023
2021/2/6 00:00,5.171879713
2021/2/6 01:00,9.476966764
2021/2/6 02:00,5.937921997
2021/2/6 03:00,7.767364577
2021/2/6 04:00,6.357033564
2021/2/6 05:00,5.800737988
2021/2/6 06:00,7.941238109
2021/2/6 07:00,14.43912709
2021/2/6 08:00,16.2710398
2021/2/6 09:00,19.31095024
2021/2/6 10:00,21.33809747
2021/2/6 11:00,13.51071064
2021/2/6 12:00,15.08063185
2021/2/6 13:00,20.63588966
2021/2/6 14:00,14.90066968
2021/2/6 15:00,14.2295228
2021/2/6 16:00,21.08237281
2021/2/6 17:00,17.16627202
2021/2/6 18:00,22.92873486
2021/2/6 19:00,22.431182
2021/2/6 20:00,10.81810697
2021/2/6 21:00,13.40919463
2021/2/6 22:00,6.223760265
2021/2/6 23:00,8.602176783
2021/2/7 00:00,20.62814276
2021/2/7 01:00,14.23018055
2021/2/7 02:00,17.40874132
2021/2/7 03:00,17.63789458
2021/2/7 04:00,15.57970322
2021/2/7 05:00,16.10984101
2021/2/7 06:00,18.86015166
2021/2/7 07:00,23.64236839
2021/2/7 08:00,21.49199401
2021/2/7 09:00,21.47385104
2021/2/7 10:00,17.51370684
2021/2/7 11:00,11.3556867
2021/2/7 12:00,12.81803282
2021/2/7 13:00,12.26611965
2021/2/7 14:00,9.298617159
2021/2/7 15:00,4.044086184
2021/2/7 16:00,6.915079747
2021/2/7 17:00,2.988917595
2021/2/7 18:00,10.59137596
2021/2/7 19:00,2.933393309
2021/2/7 20:00,-2.885382977
2021/2/7 21:00,4.185485495
2021/2/7 22:00,0.798557875
2021/2/7 23:00,9.649116112
2021/2/8 00:00,8.151951661
2021/2/8 01:00,11.56957045
2021/2/8 02:00,9.588638332
2021/2/8 03:00,11.70598278
2021/2/8 04:00,12.89682342
2021/2/8 05:00,10.68899386
2021/2/8 06:00,15.86677129
2021/2/8 07:00,17.9786612
2021/2/8 08:00,16.32541439
2021/2/8 09:00,19.77634306
2021/2/8 10:00,19.03430382
2021/2/8 11:00,17.69652302
2021/2/8 12:00,17.94213906
2021/2/8 13:00,21.48415777
2021/2/8 14:00,16.45222942
2021/2/8 15:00,19.38066043
2021/2/8 16:00,13.21649904
2021/2/8 17:00,13.10384649
2021/2/8 18:00,15.13280418
2021/2/8 19:00,6.733915005
2021/2/8 20:00,4.650873718
2021/2/8 21:00,9.114712052
2021/2/8 22:00,8.195603502
2021/2/8 23:00,10.39732928
2021/2/9 00:00,6.210625903
2021/2/9 01:00,8.129858558
2021/2/9 02:00,11.60693273
2021/2/9 03:00,11.35733589
2021/2/9 04:00,13.40824591
2021/2/9 05:00,12.37205319
2021/2/9 06:00,12.96375894
2021/2/9 07:00,17.99629698
2021/2/9 08:00,17.20134195
2021/2/9 09:00,27.28289807
2021/2/9 10:00,18.00749513
2021/2/9 11:00,18.05369402
2021/2/9 12:00,23.31654294
2021/2/9 13:00,19.10473629
2021/2/9 14:00,19.44174512
2021/2/9 15:00,16.47835089
2021/2/9 16:00,16.44659219
2021/2/9 17:00,16.75165544
2021/2/9 18:00,19.65103127
2021/2/9 19:00,12.43706253
2021/2/9 20:00,11.89812632
2021/2/9 21:00,11.61969129
2021/2/9 22:00,13.96531014
2021/2/9 23:00,15.27020649
2021/2/10 00:00,15.46749644
2021/2/10 01:00,12.23498959
2021/2/10 02:00,12.43413165
2021/2/10 03:00,10.85958172
2021/2/10 04:00,15.27473634
2021/2/10 05:00,14.46831994
2021/2/10 06:00,16.70787377
2021/2/10 07:00,19.06374432
2021/2/10 08:00,19.28792303
2021/2/10 09:00,17.65846353
2021/2/10 10:00,19.26498777
2021/2/10 11:00,16.71152272
2021/2/10 12:00,22.36474287
2021/2/10 13:00,14.40502093
2021/2/10 14:00,11.80298118
2021/2/10 15:00,12.40050878
2021/2/10 16:00,11.42183391
2021/2/10 17:00,12.63691454
2021/2/10 18:00,15.71911764
2021/2/10 19:00,11.32779763
2021/2/10 20:00,15.27867371
2021/2/10 21:00,12.96155075
2021/2/10 22:00,15.10795854
2021/2/10 23:00,16.47854795
2021/2/11 00:00,13.10222144
2021/2/11 01:00,14.99319859
2021/2/11 02:00,16.28045106
2021/2/11 03:00,17.95921038
2021/2/11 04:00,16.8406647
2021/2/11 05:00,19.19187808
2021/2/11 06:00,20.23385176
2021/2/11 07:00,22.31334616
2021/2/11 08:00,22.32353695
2021/2/11 09:00,22.56053369
2021/2/11 10:00,19.4298038
2021/2/11 11:00,19.74506235
2021/2/11 12:00,20.57754304
2021/2/11 13:00,17.57651818
2021/2/11 14:00,19.13891686
2021/2/11 15:00,14.48820287
2021/2/11 16:00,12.87952517
2021/2/11 17:00,16.63911336
2021/2/11 18:00,21.85069907
2021/2/11 19:00,15.71807471
2021/2/11 20:00,14.90274696
2021/2/11 21:00,18.67705585
2021/2/11 22:00,17.15660238
2021/2/11 23:00,17.85261166
2021/2/12 00:00,17.07778129
2021/2/12 01:00,14.64606256
2021/2/12 02:00,13.98452826
2021/2/12 03:00,15.22816688
2021/2/12 04:00,14.73352264
2021/2/12 05:00,15.37322791
2021/2/12 06:00,15.87259849
2021/2/12 07:00,17.15116541
2021/2/12 08:00,16.96734077
2021/2/12 09:00,15.77071393
2021/2/12 10:00,12.94035293
2021/2/12 11:00,15.76665909
2021/2/12 12:00,14.90270104
2021/2/12 13:00,18.62826307
2021/2/12 14:00,19.28485591
2021/2/12 15:00,13.45047145
2021/2/12 16:00,14.45000376
2021/2/12 17:00,16.27407925
2021/2/12 18:00,15.05157629
2021/2/12 19:00,14.92126219
2021/2/12 20:00,12.70318119
2021/2/12 21:00,13.01595521
2021/2/12 22:00,11.70901699
2021/2/12 23:00,15.1053365
2021/2/13 00:00,15.46362383
2021/2/13 01:00,16.38767607
2021/2/13 02:00,15.97577656
2021/2/13 03:00,15.93037699
2021/2/13 04:00,14.92260916
2021/2/13 05:00,15.10383069
2021/2/13 06:00,17.0296791
2021/2/13 07:00,19.18862116
2021/2/13 08:00,18.92220649
2021/2/13 09:00,17.90715544
2021/2/13 10:00,20.2654854
2021/2/13 11:00,21.53259677
2021/2/13 12:00,23.13319515
2021/2/13 13:00,23.24292804
2021/2/13 14:00,18.28305529
2021/2/13 15:00,7.223918886
2021/2/13 16:00,6.674117902
2021/2/13 17:00,10.85525577
2021/2/13 18:00,6.700259847
2021/2/13 19:00,12.93497313
2021/2/13 20:00,12.45776526
2021/2/13 21:00,12.51400015
2021/2/13 22:00,15.35435705
2021/2/13 23:00,15.26037402
2021/2/14 00:00,11.47577495
2021/2/14 01:00,10.65098678
2021/2/14 02:00,8.252146224
2021/2/14 03:00,9.656764691
2021/2/14 04:00,9.458834371
2021/2/14 05:00,10.30688924
2021/2/14 06:00,10.57743888
2021/2/14 07:00,11.825045
2021/2/14 08:00,10.73021154
2021/2/14 09:00,12.59649722
2021/2/14 10:00,9.752465318
2021/2/14 11:00,8.560877726
2021/2/14 12:00,7.654595025
2021/2/14 13:00,6.36476935
2021/2/14 14:00,11.73208353
2021/2/14 15:00,6.288563001
2021/2/14 16:00,3.600183789
2021/2/14 17:00,2.689850382
2021/2/14 18:00,2.316389428
2021/2/14 19:00,0.682869183
2021/2/14 20:00,4.566712193
2021/2/14 21:00,9.249385724
2021/2/14 22:00,6.054168345
2021/2/14 23:00,8.341306584
2021/2/15 00:00,9.659086045
2021/2/15 01:00,9.79576872
2021/2/15 02:00,14.2166944
2021/2/15 03:00,12.26439001
2021/2/15 04:00,13.3603647
2021/2/15 05:00,12.40393772
2021/2/15 06:00,15.70523342
2021/2/15 07:00,15.93449992
2021/2/15 08:00,17.98376571
2021/2/15 09:00,18.44832974
2021/2/15 10:00,22.11003847
2021/2/15 11:00,18.25643826
2021/2/15 12:00,21.3511602
2021/2/15 13:00,23.90911821
2021/2/15 14:00,19.15858556
2021/2/15 15:00,11.64005461
2021/2/15 16:00,8.01082016
2021/2/15 17:00,5.815075708
2021/2/15 18:00,6.678676612
2021/2/15 19:00,8.858427953
2021/2/15 20:00,8.61779754
2021/2/15 21:00,6.954838427
2021/2/15 22:00,9.703151592
2021/2/15 23:00,3.611533998
2021/2/16 00:00,2.567803329
2021/2/16 01:00,5.118521494
2021/2/16 02:00,15.26309867
2021/2/16 03:00,15.92608717
2021/2/16 04:00,15.38059312
2021/2/16 05:00,14.28133976
2021/2/16 06:00,16.54070531
2021/2/16 07:00,17.34570486
2021/2/16 08:00,21.03913769
2021/2/16 09:00,21.53308312
2021/2/16 10:00,19.00114978
2021/2/16 11:00,13.55758138
2021/2/16 12:00,19.42142489
2021/2/16 13:00,16.91252845
2021/2/16 14:00,10.02087668
2021/2/16 15:00,-1.386268788
2021/2/16 16:00,-0.757936433
2021/2/16 17:00,8.995445326
2021/2/16 18:00,11.45228122
2021/2/16 19:00,12.70331398
2021/2/16 20:00,5.925510142
2021/2/16 21:00,11.07585478
2021/2/16 22:00,8.610923975
2021/2/16 23:00,3.721271108
2021/2/17 00:00,2.769567774
2021/2/17 01:00,5.749401024
2021/2/17 02:00,15.28738215
2021/2/17 03:00,10.73233865
2021/2/17 04:00,12.13842573
2021/2/17 05:00,11.04135037
2021/2/17 06:00,14.96739947
2021/2/17 07:00,14.32741182
2021/2/17 08:00,16.1794891
2021/2/17 09:00,12.12899163
2021/2/17 10:00,7.397880225
2021/2/17 11:00,12.64229395
2021/2/17 12:00,10.28354185
2021/2/17 13:00,6.392901832
2021/2/17 14:00,3.22738915
2021/2/17 15:00,-0.613204592
2021/2/17 16:00,6.70360888
2021/2/17 17:00,13.51849722
2021/2/17 18:00,16.82198624
2021/2/17 19:00,11.07987551
2021/2/17 20:00,6.214308456
2021/2/17 21:00,5.927762314
2021/2/17 22:00,2.336053925
2021/2/17 23:00,1.424758218
2021/2/18 00:00,8.104150918
2021/2/18 01:00,16.64155931
2021/2/18 02:00,5.21325864
2021/2/18 03:00,7.281417236
2021/2/18 04:00,7.343753691
2021/2/18 05:00,12.06410508
2021/2/18 06:00,9.961543038
2021/2/18 07:00,13.36142358
2021/2/18 08:00,14.59300774
2021/2/18 09:00,4.988610835
2021/2/18 10:00,9.226886116
2021/2/18 11:00,3.76087827
2021/2/18 12:00,7.466337353
2021/2/18 13:00,6.008796461
2021/2/18 14:00,0.057871766
2021/2/18 15:00,-2.742786872
2021/2/18 16:00,8.456221954
2021/2/18 17:00,17.91369632
2021/2/18 18:00,18.44746091
2021/2/18 19:00,17.52223023
2021/2/18 20:00,22.32886993
2021/2/18 21:00,19.06716853
2021/2/18 22:00,17.9055993
2021/2/18 23:00,20.97452883
2021/2/19 00:00,14.32768063
2021/2/19 01:00,17.86389909
2021/2/19 02:00,13.87499752
2021/2/19 03:00,17.37559735
2021/2/19 04:00,16.10017324
2021/2/19 05:00,14.26598154
2021/2/19 06:00,11.36904914
2021/2/19 07:00,13.23927753
2021/2/19 08:00,11.20479083
2021/2/19 09:00,12.99872307
2021/2/19 10:00,19.57580645
2021/2/19 11:00,16.52873908
2021/2/19 12:00,19.85271734
2021/2/19 13:00,13.11451747
2021/2/19 14:00,8.727497944
2021/2/19 15:00,11.51350475
2021/2/19 16:00,16.6918017
2021/2/19 17:00,10.85861344
2021/2/19 18:00,13.12510819
2021/2/19 19:00,5.762009188
2021/2/19 20:00,14.93496339
2021/2/19 21:00,5.604231242
2021/2/19 22:00,0.618028234
2021/2/19 23:00,1.333622905
2021/2/20 00:00,3.935242894
2021/2/20 01:00,7.570594205
2021/2/20 02:00,5.790312175
2021/2/20 03:00,7.514225845
2021/2/20 04:00,6.334474278
2021/2/20 05:00,8.106778347
2021/2/20 06:00,8.814063006
2021/2/20 07:00,14.11682906
2021/2/20 08:00,9.943032339
2021/2/20 09:00,11.76172866
2021/2/20 10:00,9.509409511
2021/2/20 11:00,0.891816667
2021/2/20 12:00,4.199778492
2021/2/20 13:00,2.364127281
2021/2/20 14:00,-0.391250455
2021/2/20 15:00,0.316844105
2021/2/20 16:00,6.685352893
2021/2/20 17:00,2.76779326
2021/2/20 18:00,4.551923628
2021/2/20 19:00,14.37422263
2021/2/20 20:00,6.653505612
2021/2/20 21:00,5.033750562
2021/2/20 22:00,3.110187293
2021/2/20 23:00,8.659599669
2021/2/21 00:00,8.170696736
2021/2/21 01:00,10.05702835
2021/2/21 02:00,5.634352381
2021/2/21 03:00,7.769733557
2021/2/21 04:00,6.927457982
2021/2/21 05:00,6.289803995
2021/2/21 06:00,6.715060703
2021/2/21 07:00,9.700405909
2021/2/21 08:00,8.482324497
2021/2/21 09:00,10.9384438
2021/2/21 10:00,10.20971773
2021/2/21 11:00,17.84290678
2021/2/21 12:00,14.82513197
2021/2/21 13:00,9.391400793
2021/2/21 14:00,11.0340093
2021/2/21 15:00,2.908589118
2021/2/21 16:00,5.306020379
2021/2/21 17:00,3.797356168
2021/2/21 18:00,3.877448652
2021/2/21 19:00,3.898519249
2021/2/21 20:00,7.909544876
2021/2/21 21:00,6.295289088
2021/2/21 22:00,2.499489566
2021/2/21 23:00,4.208594368
2021/2/22 00:00,1.211067262
2021/2/22 01:00,4.70039482
2021/2/22 02:00,4.349626604
2021/2/22 03:00,3.230367632
2021/2/22 04:00,2.847286431
2021/2/22 05:00,3.374269525
2021/2/22 06:00,4.610069343
2021/2/22 07:00,12.32016342
2021/2/22 08:00,17.34421366
2021/2/22 09:00,9.473353408
2021/2/22 10:00,-0.830201128
2021/2/22 11:00,2.786417793
2021/2/22 12:00,3.984845706
2021/2/22 13:00,2.799436045
2021/2/22 14:00,1.038671129
2021/2/22 15:00,6.526173068
2021/2/22 16:00,13.55492716
2021/2/22 17:00,16.51135451
2021/2/22 18:00,20.81761095
2021/2/22 19:00,12.51801227
2021/2/22 20:00,-1.130805673
2021/2/22 21:00,7.250960099
2021/2/22 22:00,4.640451855
2021/2/22 23:00,6.583323389
2021/2/23 00:00,7.451663498
2021/2/23 01:00,11.90004427
2021/2/23 02:00,5.517415449
2021/2/23 03:00,6.546726513
2021/2/23 04:00,6.144468403
2021/2/23 05:00,5.590681733
2021/2/23 06:00,7.697877886
2021/2/23 07:00,13.57634323
2021/2/23 08:00,14.6895812
2021/2/23 09:00,-0.270932163
2021/2/23 10:00,0.855359623
2021/2/23 11:00,3.094797068
2021/2/23 12:00,9.514482028
2021/2/23 13:00,7.297911163
2021/2/23 14:00,10.53355038
2021/2/23 15:00,8.144328037
2021/2/23 16:00,12.56865676
2021/2/23 17:00,18.84494473
2021/2/23 18:00,28.82150827
2021/2/23 19:00,25.53293068
2021/2/23 20:00,17.67612108
2021/2/23 21:00,15.9786107
2021/2/23 22:00,19.05187091
2021/2/23 23:00,9.365116996
2021/2/24 00:00,8.770068411
2021/2/24 01:00,9.042157604
2021/2/24 02:00,9.6351211
2021/2/24 03:00,11.04747021
2021/2/24 04:00,11.61043635
2021/2/24 05:00,13.59554344
2021/2/24 06:00,15.35944104
2021/2/24 07:00,22.07165654
2021/2/24 08:00,18.34762186
2021/2/24 09:00,8.004810455
2021/2/24 10:00,0.207242457
2021/2/24 11:00,5.256136329
2021/2/24 12:00,2.224120385
2021/2/24 13:00,12.17775362
2021/2/24 14:00,3.481113404
2021/2/24 15:00,7.842861205
2021/2/24 16:00,8.449020481
2021/2/24 17:00,10.74632186
2021/2/24 18:00,0.574886332
2021/2/24 19:00,1.299573673
2021/2/24 20:00,1.671266928
2021/2/24 21:00,3.033675029
2021/2/24 22:00,1.062695157
2021/2/24 23:00,-0.378078938
2021/2/25 00:00,7.50383104
2021/2/25 01:00,10.31116592
2021/2/25 02:00,8.372921838
2021/2/25 03:00,8.927895178
2021/2/25 04:00,9.583576144
2021/2/25 05:00,11.04244593
2021/2/25 06:00,13.65091978
2021/2/25 07:00,19.4878295
2021/2/25 08:00,10.61866238
2021/2/25 09:00,1.063850779
2021/2/25 10:00,-0.176327002
2021/2/25 11:00,4.927694544
2021/2/25 12:00,6.780529312
2021/2/25 13:00,7.266225445
2021/2/25 14:00,0.325531846
2021/2/25 15:00,2.705415811
2021/2/25 16:00,7.595391551
2021/2/25 17:00,11.99526214
2021/2/25 18:00,22.83435751
2021/2/25 19:00,13.92091446
2021/2/25 20:00,10.88202291
2021/2/25 21:00,0.469574194
2021/2/25 22:00,0.95789409
2021/2/25 23:00,7.072752497
2021/2/26 00:00,8.659431475
2021/2/26 01:00,21.25763762
2021/2/26 02:00,17.92209068
2021/2/26 03:00,18.41975449
2021/2/26 04:00,19.18055002
2021/2/26 05:00,19.90423866
2021/2/26 06:00,23.83923622
2021/2/26 07:00,31.95761903
2021/2/26 08:00,18.110884
2021/2/26 09:00,19.73697445
2021/2/26 10:00,13.98642178
2021/2/26 11:00,5.963877949
2021/2/26 12:00,12.35135665
2021/2/26 13:00,16.09619252
2021/2/26 14:00,19.79850565
2021/2/26 15:00,12.64036132
2021/2/26 16:00,11.98025094
2021/2/26 17:00,14.18465962
2021/2/26 18:00,7.413820042
2021/2/26 19:00,2.184896704
2021/2/26 20:00,7.883724266
2021/2/26 21:00,0.985437605
2021/2/26 22:00,5.706172107
2021/2/26 23:00,3.036446504
2021/2/27 00:00,9.488510944
2021/2/27 01:00,8.935532384
2021/2/27 02:00,8.419805306
2021/2/27 03:00,11.02281943
2021/2/27 04:00,10.32186456
2021/2/27 05:00,12.04156606
2021/2/27 06:00,13.56164464
2021/2/27 07:00,20.34041577
2021/2/27 08:00,3.239626421
2021/2/27 09:00,12.26245642
2021/2/27 10:00,15.61600421
2021/2/27 11:00,22.09451024
2021/2/27 12:00,24.89523846
2021/2/27 13:00,18.16189608
2021/2/27 14:00,14.46447728
2021/2/27 15:00,16.65268804
2021/2/27 16:00,20.72045839
2021/2/27 17:00,21.97511883
2021/2/27 18:00,16.05571212
2021/2/27 19:00,4.974635833
2021/2/27 20:00,1.485970291
2021/2/27 21:00,4.225185281
2021/2/27 22:00,3.102459364
2021/2/27 23:00,4.132521304
2021/2/28 00:00,14.01792854
2021/2/28 01:00,9.570488552
2021/2/28 02:00,9.745828176
2021/2/28 03:00,11.13680709
2021/2/28 04:00,10.78577947
2021/2/28 05:00,12.5704826
2021/2/28 06:00,15.89957202
2021/2/28 07:00,17.994608
2021/2/28 08:00,4.250197742
2021/2/28 09:00,12.25401021
2021/2/28 10:00,13.59778921
2021/2/28 11:00,6.374606194
2021/2/28 12:00,21.38533896
2021/2/28 13:00,12.57426378
2021/2/28 14:00,16.68280403
2021/2/28 15:00,11.49516585
2021/2/28 16:00,6.529376373
2021/2/28 17:00,5.614495572
2021/2/28 18:00,0.049405984
2021/2/28 19:00,0.911907784
2021/2/28 20:00,4.907824564
2021/2/28 21:00,10.49924849
2021/2/28 22:00,8.706447314
2021/2/28 23:00,8.114318936
2021/3/1 00:00,8.790348004
2021/3/1 01:00,5.542976017
2021/3/1 02:00,14.12072289
2021/3/1 03:00,15.69371108
2021/3/1 04:00,16.48617001
2021/3/1 05:00,17.14609048
2021/3/1 06:00,17.18946266
2021/3/1 07:00,19.17431147
2021/3/1 08:00,17.76429837
2021/3/1 09:00,26.0666476
2021/3/1 10:00,9.128911768
2021/3/1 11:00,19.82161428
2021/3/1 12:00,14.36076478
2021/3/1 13:00,13.53415223
2021/3/1 14:00,12.02844169
2021/3/1 15:00,9.986779911
2021/3/1 16:00,12.95653915
2021/3/1 17:00,7.061975134
2021/3/1 18:00,5.897319878
2021/3/1 19:00,10.46383932
2021/3/1 20:00,11.23206708
2021/3/1 21:00,7.317408345
2021/3/1 22:00,4.620732818
2021/3/1 23:00,7.638243331
2021/3/2 00:00,10.27443679
2021/3/2 01:00,9.052246812
2021/3/2 02:00,10.81278676
2021/3/2 03:00,10.66174184
2021/3/2 04:00,9.896174536
2021/3/2 05:00,9.862521393
2021/3/2 06:00,10.7413091
2021/3/2 07:00,13.44141526
2021/3/2 08:00,15.16005833
2021/3/2 09:00,2.011432593
2021/3/2 10:00,8.498468801
2021/3/2 11:00,4.374757268
2021/3/2 12:00,3.942384475
2021/3/2 13:00,1.84366304
2021/3/2 14:00,7.926492944
2021/3/2 15:00,5.526667844
2021/3/2 16:00,12.26601059
2021/3/2 17:00,14.75030044
2021/3/2 18:00,14.202352
2021/3/2 19:00,6.037043254
2021/3/2 20:00,11.69952895
2021/3/2 21:00,24.12423224
2021/3/2 22:00,19.40673093
2021/3/2 23:00,19.55931021
2021/3/3 00:00,17.22998855
2021/3/3 01:00,19.13175547
2021/3/3 02:00,20.64975944
2021/3/3 03:00,18.65713458
2021/3/3 04:00,18.7856336
2021/3/3 05:00,18.46985138
2021/3/3 06:00,20.39715247
2021/3/3 07:00,21.00132857
2021/3/3 08:00,17.98774954
2021/3/3 09:00,9.744291754
2021/3/3 10:00,-0.880511643
2021/3/3 11:00,4.61867788
2021/3/3 12:00,6.256374454
2021/3/3 13:00,12.7259019
2021/3/3 14:00,14.08957538
2021/3/3 15:00,1.22705455
2021/3/3 16:00,5.577366856
2021/3/3 17:00,11.75381162
2021/3/3 18:00,4.882427916
2021/3/3 19:00,4.250607732
2021/3/3 20:00,5.097867991
2021/3/3 21:00,4.568689692
2021/3/3 22:00,15.14038897
2021/3/3 23:00,10.23776561
2021/3/4 00:00,3.520580725
2021/3/4 01:00,4.714102741
2021/3/4 02:00,9.119892219
2021/3/4 03:00,10.29694738
2021/3/4 04:00,8.343484038
2021/3/4 05:00,8.871728632
2021/3/4 06:00,11.01427643
2021/3/4 07:00,14.02830598
2021/3/4 08:00,12.86326124
2021/3/4 09:00,0.650760823
2021/3/4 10:00,-3.00721953
2021/3/4 11:00,4.149252051
2021/3/4 12:00,6.045588107
2021/3/4 13:00,12.41706396
2021/3/4 14:00,8.928990024
2021/3/4 15:00,19.25720164
2021/3/4 16:00,17.98625126
2021/3/4 17:00,17.16012033
2021/3/4 18:00,18.43937257
2021/3/4 19:00,33.52154773
2021/3/4 20:00,25.7410337
2021/3/4 21:00,25.17776763
2021/3/4 22:00,23.07556577
2021/3/4 23:00,21.98679679
2021/3/5 00:00,21.83419094
2021/3/5 01:00,12.18693921
2021/3/5 02:00,10.97924484
2021/3/5 03:00,11.98958187
2021/3/5 04:00,10.61141939
2021/3/5 05:00,10.75765018
2021/3/5 06:00,12.37071659
2021/3/5 07:00,15.97192685
2021/3/5 08:00,12.98322474
2021/3/5 09:00,4.677709315
2021/3/5 10:00,0.994649008
2021/3/5 11:00,2.17569563
2021/3/5 12:00,10.85054147
2021/3/5 13:00,14.35543406
2021/3/5 14:00,14.00021304
2021/3/5 15:00,9.384720255
2021/3/5 16:00,4.579752448
2021/3/5 17:00,10.06931121
2021/3/5 18:00,12.10056353
2021/3/5 19:00,8.414242539
2021/3/5 20:00,12.85754305
2021/3/5 21:00,13.52664118
2021/3/5 22:00,4.759697439
2021/3/5 23:00,4.627606774
2021/3/6 00:00,1.687008644
2021/3/6 01:00,10.10294598
2021/3/6 02:00,10.58067016
2021/3/6 03:00,9.205512861
2021/3/6 04:00,12.37294994
2021/3/6 05:00,13.86804794
2021/3/6 06:00,13.39297294
2021/3/6 07:00,16.08044574
2021/3/6 08:00,7.680913797
2021/3/6 09:00,11.60244173
2021/3/6 10:00,13.94207246
2021/3/6 11:00,16.93154617
2021/3/6 12:00,24.18001332
2021/3/6 13:00,21.06526047
2021/3/6 14:00,17.36424038
2021/3/6 15:00,20.77442064
2021/3/6 16:00,20.36892376
2021/3/6 17:00,20.55115632
2021/3/6 18:00,14.6090359
2021/3/6 19:00,7.999978303
2021/3/6 20:00,7.923646017
2021/3/6 21:00,7.497211773
2021/3/6 22:00,-1.840137093
2021/3/6 23:00,5.492652215
2021/3/7 00:00,13.78994252
2021/3/7 01:00,15.12131209
2021/3/7 02:00,12.65041856
2021/3/7 03:00,15.24301656
2021/3/7 04:00,17.00326044
2021/3/7 05:00,17.15925858
2021/3/7 06:00,19.0051961
2021/3/7 07:00,21.47382439
2021/3/7 08:00,17.40487971
2021/3/7 09:00,17.69386926
2021/3/7 10:00,23.06307159
2021/3/7 11:00,21.4157536
2021/3/7 12:00,28.97099229
2021/3/7 13:00,17.92591144
2021/3/7 14:00,8.373408633
2021/3/7 15:00,7.322814815
2021/3/7 16:00,7.731245038
2021/3/7 17:00,6.037210083
2021/3/7 18:00,10.0910689
2021/3/7 19:00,4.068432573
2021/3/7 20:00,1.417662324
2021/3/7 21:00,10.23935115
2021/3/7 22:00,4.316264456
2021/3/7 23:00,5.264181849
2021/3/8 00:00,6.847534717
2021/3/8 01:00,8.48483218
2021/3/8 02:00,7.932634442
2021/3/8 03:00,7.988205948
2021/3/8 04:00,8.851949647
2021/3/8 05:00,8.313032473
2021/3/8 06:00,10.31159476
2021/3/8 07:00,15.17119573
2021/3/8 08:00,8.499520904
2021/3/8 09:00,0.360936327
2021/3/8 10:00,1.480164286
2021/3/8 11:00,2.801989445
2021/3/8 12:00,5.163876151
2021/3/8 13:00,12.73647358
2021/3/8 14:00,2.689120053
2021/3/8 15:00,6.820450425
2021/3/8 16:00,10.60678528
2021/3/8 17:00,18.7312124
2021/3/8 18:00,12.35162358
2021/3/8 19:00,3.715760374
2021/3/8 20:00,5.364798297
2021/3/8 21:00,5.944177356
2021/3/8 22:00,0.236558806
2021/3/8 23:00,1.686438186
2021/3/9 00:00,4.830660526
2021/3/9 01:00,2.839519304
2021/3/9 02:00,2.752205616
2021/3/9 03:00,4.301329439
2021/3/9 04:00,4.256646623
2021/3/9 05:00,5.514222279
2021/3/9 06:00,5.702884879
2021/3/9 07:00,9.484569845
2021/3/9 08:00,4.375968308
2021/3/9 09:00,-1.524076139
2021/3/9 10:00,1.288551112
2021/3/9 11:00,0.959495705
2021/3/9 12:00,7.759849731
2021/3/9 13:00,5.371657799
2021/3/9 14:00,3.155850965
2021/3/9 15:00,5.00877477
2021/3/9 16:00,13.77900412
2021/3/9 17:00,14.17468511
2021/3/9 18:00,11.74283728
2021/3/9 19:00,-1.363797318
2021/3/9 20:00,5.168220559
2021/3/9 21:00,1.756464962
2021/3/9 22:00,5.735321502
2021/3/9 23:00,8.188991437
2021/3/10 00:00,1.172139491
2021/3/10 01:00,3.629693891
2021/3/10 02:00,3.108562108
2021/3/10 03:00,3.210739979
2021/3/10 04:00,5.094304541
2021/3/10 05:00,5.633840284
2021/3/10 06:00,7.030528919
2021/3/10 07:00,10.60498972
2021/3/10 08:00,4.290606818
2021/3/10 09:00,2.473741019
2021/3/10 10:00,-0.449133914
2021/3/10 11:00,2.800487426
2021/3/10 12:00,4.031938853
2021/3/10 13:00,8.353953989
2021/3/10 14:00,5.626129692
2021/3/10 15:00,8.119718734
2021/3/10 16:00,9.463630074
2021/3/10 17:00,8.272638351
2021/3/10 18:00,3.7526875
2021/3/10 19:00,9.419694473
2021/3/10 20:00,2.630849515
2021/3/10 21:00,11.34353054
2021/3/10 22:00,11.14881096
2021/3/10 23:00,5.750696104
2021/3/11 00:00,3.526439841
2021/3/11 01:00,8.657855889
2021/3/11 02:00,13.36893202
2021/3/11 03:00,15.40165666
2021/3/11 04:00,15.03873212
2021/3/11 05:00,16.11720394
2021/3/11 06:00,17.81545766
2021/3/11 07:00,21.64307386
2021/3/11 08:00,21.4078606
2021/3/11 09:00,5.011641633
2021/3/11 10:00,-0.061396814
2021/3/11 11:00,3.300736838
2021/3/11 12:00,6.972085867
2021/3/11 13:00,11.33127948
2021/3/11 14:00,6.403644656
2021/3/11 15:00,10.46934491
2021/3/11 16:00,10.49204206
2021/3/11 17:00,9.975537295
2021/3/11 18:00,9.58890369
2021/3/11 19:00,14.16602931
2021/3/11 20:00,3.712954652
2021/3/11 21:00,1.294803612
2021/3/11 22:00,-0.455905032
2021/3/11 23:00,5.779799932
2021/3/12 00:00,3.205055659
2021/3/12 01:00,2.809646832
2021/3/12 02:00,6.296676259
2021/3/12 03:00,7.327084284
2021/3/12 04:00,9.705019527
2021/3/12 05:00,12.24858294
2021/3/12 06:00,12.27868837
2021/3/12 07:00,15.75840475
2021/3/12 08:00,3.924471716
2021/3/12 09:00,7.885095106
2021/3/12 10:00,1.620942189
2021/3/12 11:00,0.402672168
2021/3/12 12:00,8.829914384
2021/3/12 13:00,7.671201391
2021/3/12 14:00,6.473818781
2021/3/12 15:00,11.79940924
2021/3/12 16:00,13.49402725
2021/3/12 17:00,17.83102798
2021/3/12 18:00,7.784089765
2021/3/12 19:00,2.673041673
2021/3/12 20:00,7.572938536
2021/3/12 21:00,13.02403318
2021/3/12 22:00,3.543562153
2021/3/12 23:00,5.986798584
2021/3/13 00:00,4.908677795
2021/3/13 01:00,9.18003999
2021/3/13 02:00,8.513500242
2021/3/13 03:00,7.606026642
2021/3/13 04:00,8.232623118
2021/3/13 05:00,9.171469859
2021/3/13 06:00,7.252916404
2021/3/13 07:00,11.48325555
2021/3/13 08:00,0.228937812
2021/3/13 09:00,6.280266127
2021/3/13 10:00,16.52239673
2021/3/13 11:00,20.98323695
2021/3/13 12:00,29.15142017
2021/3/13 13:00,26.31824882
2021/3/13 14:00,13.32688924
2021/3/13 15:00,18.53656751
2021/3/13 16:00,15.43967894
2021/3/13 17:00,13.92785757
2021/3/13 18:00,0.152447014
2021/3/13 19:00,12.45793052
2021/3/13 20:00,15.70242893
2021/3/13 21:00,6.990650308
2021/3/13 22:00,4.272443349
2021/3/13 23:00,8.442132771
2021/3/14 00:00,5.423225915
2021/3/14 01:00,6.37124573
2021/3/14 02:00,7.28729259
2021/3/14 03:00,7.847602758
2021/3/14 04:00,9.791470934
2021/3/14 05:00,10.74197578
2021/3/14 06:00,11.68373274
2021/3/14 07:00,16.38056937
2021/3/14 08:00,9.372625789
2021/3/14 09:00,16.04522304
2021/3/14 10:00,21.67695317
2021/3/14 11:00,21.98349222
2021/3/14 12:00,24.11222029
2021/3/14 13:00,11.29439281
2021/3/14 14:00,15.82437145
2021/3/14 15:00,12.25122447
2021/3/14 16:00,4.460274745
2021/3/14 17:00,8.526462523
2021/3/14 18:00,10.27822444
2021/3/14 19:00,7.057272484
2021/3/14 20:00,12.42330988
2021/3/14 21:00,7.141720601
2021/3/14 22:00,9.835870644
2021/3/14 23:00,2.490057622
2021/3/15 00:00,4.855373005
2021/3/15 01:00,6.571837394
2021/3/15 02:00,6.309418614
2021/3/15 03:00,6.251898144
2021/3/15 04:00,9.257437845
2021/3/15 05:00,6.318498236
2021/3/15 06:00,7.67126519
2021/3/15 07:00,13.8363791
2021/3/15 08:00,16.20276688
2021/3/15 09:00,3.864763928
2021/3/15 10:00,5.837914536
2021/3/15 11:00,2.453066264
2021/3/15 12:00,5.995614726
2021/3/15 13:00,5.092918724
2021/3/15 14:00,-0.206436042
2021/3/15 15:00,2.175089121
2021/3/15 16:00,12.74834681
2021/3/15 17:00,4.446821341
2021/3/15 18:00,5.712325479
2021/3/15 19:00,-0.414027098
2021/3/15 20:00,5.645634811
2021/3/15 21:00,-0.359757811
2021/3/15 22:00,4.794844958
2021/3/15 23:00,7.962183467
2021/3/16 00:00,5.053092266
2021/3/16 01:00,3.323196482
2021/3/16 02:00,8.600113066
2021/3/16 03:00,7.633626514
2021/3/16 04:00,8.855251731
2021/3/16 05:00,10.06582237
2021/3/16 06:00,10.9016183
2021/3/16 07:00,17.37304849
2021/3/16 08:00,12.55421586
2021/3/16 09:00,1.91971706
2021/3/16 10:00,2.302200841
2021/3/16 11:00,3.552957603
2021/3/16 12:00,8.415971526
2021/3/16 13:00,1.017776126
2021/3/16 14:00,4.907995251
2021/3/16 15:00,7.086654721
2021/3/16 16:00,15.20284551
2021/3/16 17:00,12.70717943
2021/3/16 18:00,21.68177264
2021/3/16 19:00,11.45054742
2021/3/16 20:00,5.895881169
2021/3/16 21:00,9.70986848
2021/3/16 22:00,10.29484084
2021/3/16 23:00,2.04537664
2021/3/17 00:00,7.770379695
2021/3/17 01:00,8.299266752
2021/3/17 02:00,8.565935682
2021/3/17 03:00,9.061995535
2021/3/17 04:00,10.32723985
2021/3/17 05:00,9.179086105
2021/3/17 06:00,9.780087235
2021/3/17 07:00,15.19516386
2021/3/17 08:00,8.009959673
2021/3/17 09:00,4.51854878
2021/3/17 10:00,2.619724877
2021/3/17 11:00,2.186427695
2021/3/17 12:00,12.62718874
2021/3/17 13:00,12.62134704
2021/3/17 14:00,10.53134444
2021/3/17 15:00,18.27115058
2021/3/17 16:00,16.14151268
2021/3/17 17:00,17.47700707
2021/3/17 18:00,18.41398121
2021/3/17 19:00,8.740605998
2021/3/17 20:00,17.57942414
2021/3/17 21:00,9.917955122
2021/3/17 22:00,3.133786037
2021/3/17 23:00,1.984999146
2021/3/18 00:00,11.07568018
2021/3/18 01:00,9.934539682
2021/3/18 02:00,13.81120546
2021/3/18 03:00,13.94188624
2021/3/18 04:00,12.26492899
2021/3/18 05:00,12.18107383
2021/3/18 06:00,14.61339674
2021/3/18 07:00,20.08082715
2021/3/18 08:00,15.51892986
2021/3/18 09:00,7.903164904
2021/3/18 10:00,1.58113139
2021/3/18 11:00,6.413388673
2021/3/18 12:00,6.182869698
2021/3/18 13:00,5.739442656
2021/3/18 14:00,6.752615076
2021/3/18 15:00,8.915074673
2021/3/18 16:00,4.267303605
2021/3/18 17:00,2.820585054
2021/3/18 18:00,-0.616834479
2021/3/18 19:00,7.351616683
2021/3/18 20:00,7.509169431
2021/3/18 21:00,8.357850244
2021/3/18 22:00,14.51108207
2021/3/18 23:00,7.445870727
2021/3/19 00:00,3.150989354
2021/3/19 01:00,4.447240093
2021/3/19 02:00,5.838610821
2021/3/19 03:00,7.325880372
2021/3/19 04:00,10.95026661
2021/3/19 05:00,9.744789925
2021/3/19 06:00,10.38050109
2021/3/19 07:00,15.36129676
2021/3/19 08:00,7.030874428
2021/3/19 09:00,2.569676138
2021/3/19 10:00,0.992838227
2021/3/19 11:00,2.019334744
2021/3/19 12:00,6.773418807
2021/3/19 13:00,9.899031102
2021/3/19 14:00,14.94712868
2021/3/19 15:00,19.34156076
2021/3/19 16:00,12.2170705
2021/3/19 17:00,12.20041919
2021/3/19 18:00,16.22025569
2021/3/19 19:00,18.36960813
2021/3/19 20:00,11.87466821
2021/3/19 21:00,11.62573712
2021/3/19 22:00,-1.367801317
2021/3/19 23:00,1.567686205
2021/3/20 00:00,4.809692646
2021/3/20 01:00,7.514126135
2021/3/20 02:00,6.209224873
2021/3/20 03:00,7.217187425
2021/3/20 04:00,6.741659296
2021/3/20 05:00,8.146046666
2021/3/20 06:00,9.40811216
2021/3/20 07:00,13.70179188
2021/3/20 08:00,1.02948197
2021/3/20 09:00,7.044278384
2021/3/20 10:00,9.730050594
2021/3/20 11:00,15.42111993
2021/3/20 12:00,19.02656111
2021/3/20 13:00,12.31585282
2021/3/20 14:00,12.59647402
2021/3/20 15:00,18.53487623
2021/3/20 16:00,8.497261687
2021/3/20 17:00,6.973592779
2021/3/20 18:00,2.89157014
2021/3/20 19:00,7.076351849
2021/3/20 20:00,5.658504828
2021/3/20 21:00,11.67094603
2021/3/20 22:00,5.974214273
2021/3/20 23:00,9.120538483
2021/3/21 00:00,4.266857045
2021/3/21 01:00,6.36500212
2021/3/21 02:00,12.1997704
2021/3/21 03:00,12.16079953
2021/3/21 04:00,14.53064986
2021/3/21 05:00,15.17774962
2021/3/21 06:00,16.26595899
2021/3/21 07:00,20.66338003
2021/3/21 08:00,10.06123583
2021/3/21 09:00,18.41600425
2021/3/21 10:00,17.91717163
2021/3/21 11:00,18.76523579
2021/3/21 12:00,24.58750127
2021/3/21 13:00,20.51690134
2021/3/21 14:00,25.92684465
2021/3/21 15:00,15.79815715
2021/3/21 16:00,12.52952335
2021/3/21 17:00,13.59835732
2021/3/21 18:00,14.08578842
2021/3/21 19:00,19.2619079
2021/3/21 20:00,18.53868571
2021/3/21 21:00,11.64187517
2021/3/21 22:00,8.138930738
2021/3/21 23:00,12.07647308
2021/3/22 00:00,17.0526464
2021/3/22 01:00,20.26381557
2021/3/22 02:00,20.78905922
2021/3/22 03:00,19.09296804
2021/3/22 04:00,19.96657369
2021/3/22 05:00,18.87813776
2021/3/22 06:00,21.85242272
2021/3/22 07:00,24.54666931
2021/3/22 08:00,20.23825438
2021/3/22 09:00,16.59511429
2021/3/22 10:00,16.353223
2021/3/22 11:00,6.31194807
2021/3/22 12:00,8.567035936
2021/3/22 13:00,3.714908811
2021/3/22 14:00,4.90593149
2021/3/22 15:00,2.240303129
2021/3/22 16:00,14.04552788
2021/3/22 17:00,19.30662929
2021/3/22 18:00,15.9603138
2021/3/22 19:00,14.24451687
2021/3/22 20:00,6.896654068
2021/3/22 21:00,3.223970434
2021/3/22 22:00,26.48478219
2021/3/22 23:00,15.7453146
2021/3/23 00:00,11.9863486
2021/3/23 01:00,12.59310666
2021/3/23 02:00,11.7948143
2021/3/23 03:00,12.46855207
2021/3/23 04:00,12.32241996
2021/3/23 05:00,12.52653462
2021/3/23 06:00,14.49434132
2021/3/23 07:00,17.84906528
2021/3/23 08:00,18.10104629
2021/3/23 09:00,2.095503576
2021/3/23 10:00,10.76615384
2021/3/23 11:00,16.64352168
2021/3/23 12:00,16.76249268
2021/3/23 13:00,16.46535033
2021/3/23 14:00,20.66538675
2021/3/23 15:00,16.87087193
2021/3/23 16:00,13.22941694
2021/3/23 17:00,17.02469267
2021/3/23 18:00,13.14057535
2021/3/23 19:00,8.951523606
2021/3/23 20:00,16.09123963
2021/3/23 21:00,22.82939362
2021/3/23 22:00,13.15675387
2021/3/23 23:00,9.379960479
2021/3/24 00:00,11.98109177
2021/3/24 01:00,15.29545178
2021/3/24 02:00,13.0171994
2021/3/24 03:00,13.32078011
2021/3/24 04:00,14.7100966
2021/3/24 05:00,14.48840972
2021/3/24 06:00,15.15703083
2021/3/24 07:00,19.33749669
2021/3/24 08:00,13.55786716
2021/3/24 09:00,15.99643284
2021/3/24 10:00,13.10946008
2021/3/24 11:00,14.92704575
2021/3/24 12:00,18.83384899
2021/3/24 13:00,13.35455257
2021/3/24 14:00,16.31309578
2021/3/24 15:00,15.04863107
2021/3/24 16:00,15.86814692
2021/3/24 17:00,23.3334233
2021/3/24 18:00,21.05769471
2021/3/24 19:00,16.48139316
2021/3/24 20:00,11.19829916
2021/3/24 21:00,18.53996943
2021/3/24 22:00,12.20212605
2021/3/24 23:00,8.905250744
2021/3/25 00:00,4.561195703
2021/3/25 01:00,10.4256635
2021/3/25 02:00,8.135481899
2021/3/25 03:00,20.27132468
2021/3/25 04:00,14.99925226
2021/3/25 05:00,19.47534821
2021/3/25 06:00,18.27129072
2021/3/25 07:00,25.99041633
2021/3/25 08:00,27.09210771
2021/3/25 09:00,13.10664284
2021/3/25 10:00,4.500473627
2021/3/25 11:00,9.271091022
2021/3/25 12:00,17.97906418
2021/3/25 13:00,22.64660603
2021/3/25 14:00,23.9856503
2021/3/25 15:00,6.515905976
2021/3/25 16:00,17.76447632
2021/3/25 17:00,17.47803345
2021/3/25 18:00,14.67729701
2021/3/25 19:00,16.39799048
2021/3/25 20:00,12.68370617
2021/3/25 21:00,14.23013562
2021/3/25 22:00,5.835379255
2021/3/25 23:00,5.875520336
2021/3/26 00:00,2.855165899
2021/3/26 01:00,11.91473585
2021/3/26 02:00,7.98112055
2021/3/26 03:00,7.573960387
2021/3/26 04:00,7.61584562
2021/3/26 05:00,9.399107346
2021/3/26 06:00,9.273023884
2021/3/26 07:00,15.33444291
2021/3/26 08:00,8.608741187
2021/3/26 09:00,3.069075398
2021/3/26 10:00,4.399677833
2021/3/26 11:00,2.491964973
2021/3/26 12:00,13.73488515
2021/3/26 13:00,11.55914708
2021/3/26 14:00,4.109548478
2021/3/26 15:00,3.68337676
2021/3/26 16:00,6.781247137
2021/3/26 17:00,8.284892456
2021/3/26 18:00,9.715666526
2021/3/26 19:00,13.56911333
2021/3/26 20:00,9.565521372
2021/3/26 21:00,16.04704124
2021/3/26 22:00,9.612464769
2021/3/26 23:00,12.05718609
2021/3/27 00:00,3.047003139
2021/3/27 01:00,12.43366096
2021/3/27 02:00,13.19007368
2021/3/27 03:00,14.56076609
2021/3/27 04:00,13.71748583
2021/3/27 05:00,13.91151589
2021/3/27 06:00,15.7063326
2021/3/27 07:00,18.48885171
2021/3/27 08:00,6.804033927
2021/3/27 09:00,10.92085332
2021/3/27 10:00,15.69740402
2021/3/27 11:00,20.64729782
2021/3/27 12:00,27.95788655
2021/3/27 13:00,16.75583782
2021/3/27 14:00,10.14272965
2021/3/27 15:00,9.299645926
2021/3/27 16:00,13.5124879
2021/3/27 17:00,6.25984698
2021/3/27 18:00,11.92916892
2021/3/27 19:00,8.558778639
2021/3/27 20:00,21.12390565
2021/3/27 21:00,13.21601856
2021/3/27 22:00,12.5829769
2021/3/27 23:00,12.09869987
2021/3/28 00:00,19.38826733
2021/3/28 01:00,14.99775094
2021/3/28 02:00,19.33522693
2021/3/28 03:00,17.3345675
2021/3/28 04:00,18.3007404
2021/3/28 05:00,19.40749237
2021/3/28 06:00,21.03735271
2021/3/28 07:00,25.79032664
2021/3/28 08:00,15.80941454
2021/3/28 09:00,24.5608141
2021/3/28 10:00,20.0694067
2021/3/28 11:00,20.19180173
2021/3/28 12:00,14.18304594
2021/3/28 13:00,13.08267799
2021/3/28 14:00,9.451909093
2021/3/28 15:00,15.58819976
2021/3/28 16:00,13.17800662
2021/3/28 17:00,5.634384493
2021/3/28 18:00,7.496706331
2021/3/28 19:00,14.3458575
2021/3/28 20:00,14.0944547
2021/3/28 21:00,15.87472907
2021/3/28 22:00,11.13331214
2021/3/28 23:00,9.127058708
2021/3/29 00:00,9.970614979
2021/3/29 01:00,7.527499739
2021/3/29 02:00,9.4485686
2021/3/29 03:00,7.55007385
2021/3/29 04:00,9.411447177
2021/3/29 05:00,8.926298823
2021/3/29 06:00,11.13063565
2021/3/29 07:00,13.32545155
2021/3/29 08:00,12.58077661
2021/3/29 09:00,2.475797538
2021/3/29 10:00,9.960524637
2021/3/29 11:00,2.858774133
2021/3/29 12:00,3.790527038
2021/3/29 13:00,8.634142505
2021/3/29 14:00,-1.702780163
2021/3/29 15:00,5.678526616
2021/3/29 16:00,14.69609079
2021/3/29 17:00,15.53398262
2021/3/29 18:00,12.0797043
2021/3/29 19:00,10.50549296
2021/3/29 20:00,4.066385146
2021/3/29 21:00,5.929422323
2021/3/29 22:00,5.649395686
2021/3/29 23:00,0.61759404
2021/3/30 00:00,6.145511407
2021/3/30 01:00,5.295864988
2021/3/30 02:00,5.490222829
2021/3/30 03:00,7.598805514
2021/3/30 04:00,9.121277675
2021/3/30 05:00,8.481083814
2021/3/30 06:00,12.17309467
2021/3/30 07:00,17.02142365
2021/3/30 08:00,14.35890509
2021/3/30 09:00,2.000472153
2021/3/30 10:00,0.936507763
2021/3/30 11:00,9.805228003
2021/3/30 12:00,5.074925986
2021/3/30 13:00,1.323120178
2021/3/30 14:00,-0.198811466
2021/3/30 15:00,6.834027267
2021/3/30 16:00,7.043266564
2021/3/30 17:00,15.19607419
2021/3/30 18:00,11.24566391
2021/3/30 19:00,5.197342718
2021/3/30 20:00,7.29880685
2021/3/30 21:00,4.583645855
2021/3/30 22:00,5.251517878
2021/3/30 23:00,-0.160833029
2021/3/31 00:00,9.461446017
2021/3/31 01:00,10.28288556
2021/3/31 02:00,12.13143984
2021/3/31 03:00,10.03558292
2021/3/31 04:00,11.08401181
2021/3/31 05:00,12.90624693
2021/3/31 06:00,15.64705242
2021/3/31 07:00,17.38582701
2021/3/31 08:00,8.841746527
2021/3/31 09:00,4.083266975
2021/3/31 10:00,0.020513351
2021/3/31 11:00,6.755729158
2021/3/31 12:00,7.292074217
2021/3/31 13:00,14.15493339
2021/3/31 14:00,14.57286255
2021/3/31 15:00,25.07798037
2021/3/31 16:00,18.11129705
2021/3/31 17:00,17.73243184
2021/3/31 18:00,17.04117382
2021/3/31 19:00,16.836598
2021/3/31 20:00,11.21025839
2021/3/31 21:00,19.16470401
2021/3/31 22:00,15.29653156
2021/3/31 23:00,12.41213546
2021/4/1 00:00,7.86543339
2021/4/1 01:00,8.724543325
2021/4/1 02:00,8.788462535
2021/4/1 03:00,9.132570878
2021/4/1 04:00,9.289399589
2021/4/1 05:00,9.703185025
2021/4/1 06:00,11.56299843
2021/4/1 07:00,12.99950342
2021/4/1 08:00,8.216946094
2021/4/1 09:00,16.17365397
2021/4/1 10:00,9.813996057
2021/4/1 11:00,9.216520493
2021/4/1 12:00,11.22920279
2021/4/1 13:00,10.66296691
2021/4/1 14:00,16.85880377
2021/4/1 15:00,20.58097807
2021/4/1 16:00,13.88943664
2021/4/1 17:00,11.92735549
2021/4/1 18:00,14.19605887
2021/4/1 19:00,17.94944767
2021/4/1 20:00,13.54829091
2021/4/1 21:00,23.95167254
2021/4/1 22:00,18.09822784
2021/4/1 23:00,15.76299929
2021/4/2 00:00,18.80020489
2021/4/2 01:00,19.34506211
2021/4/2 02:00,13.27261345
2021/4/2 03:00,12.08298202
2021/4/2 04:00,12.49433508
2021/4/2 05:00,12.18001793
2021/4/2 06:00,14.83759699
2021/4/2 07:00,20.41111405
2021/4/2 08:00,13.71966856
2021/4/2 09:00,19.3872621
2021/4/2 10:00,16.98621734
2021/4/2 11:00,17.51657357
2021/4/2 12:00,26.97047028
2021/4/2 13:00,24.42008451
2021/4/2 14:00,28.8443543
2021/4/2 15:00,23.54595023
2021/4/2 16:00,7.693045741
2021/4/2 17:00,11.06988545
2021/4/2 18:00,15.78386674
2021/4/2 19:00,5.314376374
2021/4/2 20:00,19.75072464
2021/4/2 21:00,17.01842544
2021/4/2 22:00,11.65318134
2021/4/2 23:00,5.972153173
2021/4/3 00:00,12.06069804
2021/4/3 01:00,15.24885164
2021/4/3 02:00,19.88238127
2021/4/3 03:00,22.7800644
2021/4/3 04:00,22.03829368
2021/4/3 05:00,17.86334033
2021/4/3 06:00,13.50768065
2021/4/3 07:00,18.32420496
2021/4/3 08:00,14.68248997
2021/4/3 09:00,16.97298548
2021/4/3 10:00,10.85278479
2021/4/3 11:00,12.5360726
2021/4/3 12:00,13.39155187
2021/4/3 13:00,12.66658152
2021/4/3 14:00,6.526432913
2021/4/3 15:00,8.206246872
2021/4/3 16:00,6.196310199
2021/4/3 17:00,3.274090234
2021/4/3 18:00,1.765135814
2021/4/3 19:00,0.192361313
2021/4/3 20:00,10.24969511
2021/4/3 21:00,4.925831775
2021/4/3 22:00,-1.480833235
2021/4/3 23:00,1.733205292
2021/4/4 00:00,12.71650763
2021/4/4 01:00,9.311016915
2021/4/4 02:00,12.99400577
2021/4/4 03:00,12.08667411
2021/4/4 04:00,8.190447821
2021/4/4 05:00,9.058532234
2021/4/4 06:00,14.10727175
2021/4/4 07:00,16.03567136
2021/4/4 08:00,15.30505643
2021/4/4 09:00,12.17398185
2021/4/4 10:00,19.19332341
2021/4/4 11:00,28.15801898
2021/4/4 12:00,28.50618442
2021/4/4 13:00,23.88900898
2021/4/4 14:00,15.7395369
2021/4/4 15:00,16.88226738
2021/4/4 16:00,14.47495653
2021/4/4 17:00,17.26520509
2021/4/4 18:00,19.04677829
2021/4/4 19:00,26.93501091
2021/4/4 20:00,18.87142548
2021/4/4 21:00,15.3437936
2021/4/4 22:00,15.66467357
2021/4/4 23:00,15.67241505
2021/4/5 00:00,13.28869102
2021/4/5 01:00,13.62508281
2021/4/5 02:00,13.50256444
2021/4/5 03:00,12.45374245
2021/4/5 04:00,13.99919046
2021/4/5 05:00,12.01784047
2021/4/5 06:00,15.10471128
2021/4/5 07:00,17.94447542
2021/4/5 08:00,19.5972868
2021/4/5 09:00,18.80563545
2021/4/5 10:00,24.07314799
2021/4/5 11:00,16.31555095
2021/4/5 12:00,12.1714432
2021/4/5 13:00,16.68266583
2021/4/5 14:00,13.61073975
2021/4/5 15:00,2.021827215
2021/4/5 16:00,1.452232176
2021/4/5 17:00,3.78528183
2021/4/5 18:00,9.840613863
2021/4/5 19:00,6.973779462
2021/4/5 20:00,15.67745824
2021/4/5 21:00,10.62136026
2021/4/5 22:00,4.921397102
2021/4/5 23:00,0.927349664
2021/4/6 00:00,11.59489593
2021/4/6 01:00,9.749054263
2021/4/6 02:00,11.53605574
2021/4/6 03:00,13.19486736
2021/4/6 04:00,12.04030554
2021/4/6 05:00,14.65702562
2021/4/6 06:00,17.20819875
2021/4/6 07:00,20.46226405
2021/4/6 08:00,25.88608631
2021/4/6 09:00,-0.001752205
2021/4/6 10:00,-0.389505787
2021/4/6 11:00,10.41763804
2021/4/6 12:00,0.990276333
2021/4/6 13:00,14.52779311
2021/4/6 14:00,5.181025358
2021/4/6 15:00,1.677511574
2021/4/6 16:00,4.329338768
2021/4/6 17:00,15.90369849
2021/4/6 18:00,21.599485
2021/4/6 19:00,8.97494178
2021/4/6 20:00,10.84552746
2021/4/6 21:00,16.96698743
2021/4/6 22:00,12.14222273
2021/4/6 23:00,22.53783068
2021/4/7 00:00,22.81989036
2021/4/7 01:00,13.81432233
2021/4/7 02:00,17.18986592
2021/4/7 03:00,16.57423741
2021/4/7 04:00,16.07129589
2021/4/7 05:00,14.72549627
2021/4/7 06:00,17.45341943
2021/4/7 07:00,20.62238527
2021/4/7 08:00,20.25361255
2021/4/7 09:00,14.62112917
2021/4/7 10:00,2.174236099
2021/4/7 11:00,5.948851118
2021/4/7 12:00,15.77120094
2021/4/7 13:00,20.11733273
2021/4/7 14:00,16.11737508
2021/4/7 15:00,15.69330036
2021/4/7 16:00,13.23749346
2021/4/7 17:00,13.96449507
2021/4/7 18:00,21.5010539
2021/4/7 19:00,14.46580564
2021/4/7 20:00,23.84583251
2021/4/7 21:00,11.19781953
2021/4/7 22:00,8.802413516
2021/4/7 23:00,6.138704369
2021/4/8 00:00,5.052754656
2021/4/8 01:00,9.612828449
2021/4/8 02:00,8.766891563
2021/4/8 03:00,9.617270258
2021/4/8 04:00,8.905122521
2021/4/8 05:00,10.24116098
2021/4/8 06:00,11.22658686
2021/4/8 07:00,18.34631629
2021/4/8 08:00,15.93223007
2021/4/8 09:00,4.278214124
2021/4/8 10:00,5.69626617
2021/4/8 11:00,6.512782559
2021/4/8 12:00,7.81975595
2021/4/8 13:00,11.38149593
2021/4/8 14:00,1.304601483
2021/4/8 15:00,2.224731929
2021/4/8 16:00,11.59193911
2021/4/8 17:00,18.75416886
2021/4/8 18:00,17.97587846
2021/4/8 19:00,14.55078431
2021/4/8 20:00,7.324983322
2021/4/8 21:00,2.973873584
2021/4/8 22:00,7.039572963
2021/4/8 23:00,5.605058777
2021/4/9 00:00,11.06924552
2021/4/9 01:00,7.646607819
2021/4/9 02:00,8.968668814
2021/4/9 03:00,6.590202728
2021/4/9 04:00,7.119507078
2021/4/9 05:00,7.096939086
2021/4/9 06:00,10.69479601
2021/4/9 07:00,15.4190523
2021/4/9 08:00,8.50249094
2021/4/9 09:00,6.326596832
2021/4/9 10:00,7.028397745
2021/4/9 11:00,0.869765464
2021/4/9 12:00,9.316796719
2021/4/9 13:00,9.401381736
2021/4/9 14:00,4.53608086
2021/4/9 15:00,12.17877938
2021/4/9 16:00,11.96400978
2021/4/9 17:00,19.53210216
2021/4/9 18:00,14.01751697
2021/4/9 19:00,6.94006476
2021/4/9 20:00,17.92027933
2021/4/9 21:00,11.07958341
2021/4/9 22:00,6.610443296
2021/4/9 23:00,4.152813341
2021/4/10 00:00,2.547110028
2021/4/10 01:00,2.297439982
2021/4/10 02:00,9.57809001
2021/4/10 03:00,6.255480273
2021/4/10 04:00,7.818953318
2021/4/10 05:00,7.584024675
2021/4/10 06:00,11.45563138
2021/4/10 07:00,16.10215817
2021/4/10 08:00,6.522804693
2021/4/10 09:00,16.21983816
2021/4/10 10:00,21.36927057
2021/4/10 11:00,14.98787442
2021/4/10 12:00,20.27918449
2021/4/10 13:00,15.09101851
2021/4/10 14:00,19.48052877
2021/4/10 15:00,18.17792063
2021/4/10 16:00,18.71252928
2021/4/10 17:00,18.88636586
2021/4/10 18:00,14.0416028
2021/4/10 19:00,12.84595057
2021/4/10 20:00,16.85665114
2021/4/10 21:00,18.09166119
2021/4/10 22:00,16.51925129
2021/4/10 23:00,18.36530562
2021/4/11 00:00,19.33816578
2021/4/11 01:00,21.72066944
2021/4/11 02:00,15.01014746
2021/4/11 03:00,15.13310497
2021/4/11 04:00,14.602453
2021/4/11 05:00,16.4096324
2021/4/11 06:00,17.71268294
2021/4/11 07:00,22.6350622
2021/4/11 08:00,17.68859268
2021/4/11 09:00,15.89954403
2021/4/11 10:00,18.56127655
2021/4/11 11:00,23.15690856
2021/4/11 12:00,28.35782265
2021/4/11 13:00,20.64275719
2021/4/11 14:00,17.20591155
2021/4/11 15:00,11.61243433
2021/4/11 16:00,5.448764082
2021/4/11 17:00,10.92464813
2021/4/11 18:00,8.978481705
2021/4/11 19:00,3.129799998
2021/4/11 20:00,3.666976825
2021/4/11 21:00,1.460238408
2021/4/11 22:00,12.71983815
2021/4/11 23:00,12.85769215
2021/4/12 00:00,7.280772835
2021/4/12 01:00,8.345001129
2021/4/12 02:00,7.934178025
2021/4/12 03:00,8.665415964
2021/4/12 04:00,7.971287236
2021/4/12 05:00,9.737633309
2021/4/12 06:00,11.15627901
2021/4/12 07:00,20.24311143
2021/4/12 08:00,16.92217999
2021/4/12 09:00,4.02193513
2021/4/12 10:00,2.894021759
2021/4/12 11:00,3.576066118
2021/4/12 12:00,8.21341538
2021/4/12 13:00,9.008881998
2021/4/12 14:00,0.497455774
2021/4/12 15:00,2.520584805
2021/4/12 16:00,12.09684559
2021/4/12 17:00,15.44399034
2021/4/12 18:00,9.732315362
2021/4/12 19:00,4.73472118
2021/4/12 20:00,3.054871738
2021/4/12 21:00,5.383752823
2021/4/12 22:00,4.930675505
2021/4/12 23:00,2.969856849
2021/4/13 00:00,2.237420173
2021/4/13 01:00,2.971783899
2021/4/13 02:00,9.733076386
2021/4/13 03:00,4.842312343
2021/4/13 04:00,7.521105561
2021/4/13 05:00,6.716435392
2021/4/13 06:00,11.63506429
2021/4/13 07:00,17.062213
2021/4/13 08:00,14.86825428
2021/4/13 09:00,-2.427555249
2021/4/13 10:00,3.780942087
2021/4/13 11:00,1.141496004
2021/4/13 12:00,9.854696864
2021/4/13 13:00,9.219255803
2021/4/13 14:00,5.321245407
2021/4/13 15:00,3.625953149
2021/4/13 16:00,9.667339183
2021/4/13 17:00,7.429067338
2021/4/13 18:00,16.94874348
2021/4/13 19:00,19.42556803
2021/4/13 20:00,2.643486314
2021/4/13 21:00,6.585875176
2021/4/13 22:00,6.27761187
2021/4/13 23:00,6.718726659
2021/4/14 00:00,3.631558318
2021/4/14 01:00,8.14962025
2021/4/14 02:00,7.992413846
2021/4/14 03:00,7.618802055
2021/4/14 04:00,7.838710253
2021/4/14 05:00,8.849844329
2021/4/14 06:00,15.40798719
2021/4/14 07:00,17.92331334
2021/4/14 08:00,13.02242174
2021/4/14 09:00,0.252935225
2021/4/14 10:00,2.943096535
2021/4/14 11:00,2.812614146
2021/4/14 12:00,6.847498245
2021/4/14 13:00,8.951890218
2021/4/14 14:00,6.613521606
2021/4/14 15:00,17.45399021
2021/4/14 16:00,7.903358367
2021/4/14 17:00,19.14068595
2021/4/14 18:00,14.07626919
2021/4/14 19:00,6.69970078
2021/4/14 20:00,0.440886808
2021/4/14 21:00,11.82515095
2021/4/14 22:00,4.358828024
2021/4/14 23:00,4.657685121
2021/4/15 00:00,5.464062157
2021/4/15 01:00,9.060888119
2021/4/15 02:00,3.791168491
2021/4/15 03:00,7.982657301
2021/4/15 04:00,6.350349798
2021/4/15 05:00,10.1458431
2021/4/15 06:00,10.55048831
2021/4/15 07:00,19.85231704
2021/4/15 08:00,14.51745663
2021/4/15 09:00,10.33776266
2021/4/15 10:00,-0.496526746
2021/4/15 11:00,3.379161738
2021/4/15 12:00,6.232028696
2021/4/15 13:00,6.265703254
2021/4/15 14:00,3.473508125
2021/4/15 15:00,6.70418316
2021/4/15 16:00,7.608822941
2021/4/15 17:00,11.31397664
2021/4/15 18:00,17.58547456
2021/4/15 19:00,3.496012488
2021/4/15 20:00,6.377468458
2021/4/15 21:00,8.930269253
2021/4/15 22:00,8.546584267
2021/4/15 23:00,12.10213324
2021/4/16 00:00,12.21467172
2021/4/16 01:00,11.51864086
2021/4/16 02:00,8.31698701
2021/4/16 03:00,10.06453296
2021/4/16 04:00,9.182287988
2021/4/16 05:00,12.4311373
2021/4/16 06:00,13.03580625
2021/4/16 07:00,18.90035292
2021/4/16 08:00,6.437606549
2021/4/16 09:00,4.046891058
2021/4/16 10:00,2.075547234
2021/4/16 11:00,1.280904531
2021/4/16 12:00,6.59794804
2021/4/16 13:00,8.979930583
2021/4/16 14:00,7.331161185
2021/4/16 15:00,9.467228459
2021/4/16 16:00,16.52176139
2021/4/16 17:00,18.62196533
2021/4/16 18:00,10.38227193
2021/4/16 19:00,15.68741235
2021/4/16 20:00,19.90936284
2021/4/16 21:00,11.68194094
2021/4/16 22:00,12.20534034
2021/4/16 23:00,4.948527114
2021/4/17 00:00,5.990737163
2021/4/17 01:00,3.003079198
2021/4/17 02:00,6.130836191
2021/4/17 03:00,6.327899748
2021/4/17 04:00,6.363891274
2021/4/17 05:00,6.813501656
2021/4/17 06:00,6.895191092
2021/4/17 07:00,12.66824225
2021/4/17 08:00,1.908364399
2021/4/17 09:00,6.375377799
2021/4/17 10:00,10.38007487
2021/4/17 11:00,6.615233905
2021/4/17 12:00,6.720345563
2021/4/17 13:00,8.865885575
2021/4/17 14:00,4.218343979
2021/4/17 15:00,10.18242698
2021/4/17 16:00,6.963600844
2021/4/17 17:00,21.51066627
2021/4/17 18:00,12.67264071
2021/4/17 19:00,9.75482415
2021/4/17 20:00,10.01903584
2021/4/17 21:00,14.61605044
2021/4/17 22:00,8.526148061
2021/4/17 23:00,3.848582344
2021/4/18 00:00,4.239950832
2021/4/18 01:00,4.718472163
2021/4/18 02:00,6.526961885
2021/4/18 03:00,6.743292495
2021/4/18 04:00,6.614460683
2021/4/18 05:00,6.303738911
2021/4/18 06:00,8.002139341
2021/4/18 07:00,11.80026908
2021/4/18 08:00,4.543276784
2021/4/18 09:00,3.770919028
2021/4/18 10:00,4.396585103
2021/4/18 11:00,9.193307875
2021/4/18 12:00,16.13055299
2021/4/18 13:00,9.695485471
2021/4/18 14:00,11.14074187
2021/4/18 15:00,15.4349022
2021/4/18 16:00,11.7867126
2021/4/18 17:00,12.91912366
2021/4/18 18:00,15.17396021
2021/4/18 19:00,3.291572235
2021/4/18 20:00,5.687587415
2021/4/18 21:00,6.501602168
2021/4/18 22:00,-2.465007337
2021/4/18 23:00,2.819254611
2021/4/19 00:00,0.643546316
2021/4/19 01:00,6.368916246
2021/4/19 02:00,13.14001385
2021/4/19 03:00,11.4573726
2021/4/19 04:00,14.37108843
2021/4/19 05:00,13.75571349
2021/4/19 06:00,15.80942069
2021/4/19 07:00,20.3771812
2021/4/19 08:00,17.52339839
2021/4/19 09:00,2.286235822
2021/4/19 10:00,5.477886327
2021/4/19 11:00,-0.140176355
2021/4/19 12:00,9.870078547
2021/4/19 13:00,4.192632795
2021/4/19 14:00,1.538756907
2021/4/19 15:00,18.12966942
2021/4/19 16:00,20.98796378
2021/4/19 17:00,22.95441025
2021/4/19 18:00,16.00128443
2021/4/19 19:00,6.827367697
2021/4/19 20:00,3.848040336
2021/4/19 21:00,16.94449484
2021/4/19 22:00,7.533384882
2021/4/19 23:00,6.566276792
2021/4/20 00:00,3.981658585
2021/4/20 01:00,6.007386603
2021/4/20 02:00,5.275317564
2021/4/20 03:00,2.578606646
2021/4/20 04:00,2.830081797
2021/4/20 05:00,8.551609303
2021/4/20 06:00,11.52755608
2021/4/20 07:00,16.68783995
2021/4/20 08:00,7.578717393
2021/4/20 09:00,-2.675220146
2021/4/20 10:00,7.579559887
2021/4/20 11:00,1.504468506
2021/4/20 12:00,11.90009268
2021/4/20 13:00,1.155606777
2021/4/20 14:00,13.40732013
2021/4/20 15:00,13.00032279
2021/4/20 16:00,17.1696547
2021/4/20 17:00,18.86219169
2021/4/20 18:00,6.267120249
2021/4/20 19:00,8.973733241
2021/4/20 20:00,8.259489479
2021/4/20 21:00,4.725945371
2021/4/20 22:00,7.781652479
2021/4/20 23:00,1.818298152
2021/4/21 00:00,6.182250034
2021/4/21 01:00,7.450213933
2021/4/21 02:00,9.264883724
2021/4/21 03:00,6.69393596
2021/4/21 04:00,10.86292993
2021/4/21 05:00,9.207600744
2021/4/21 06:00,12.19762147
2021/4/21 07:00,15.45581125
2021/4/21 08:00,8.867159337
2021/4/21 09:00,6.208834365
2021/4/21 10:00,0.910737697
2021/4/21 11:00,4.192075597
2021/4/21 12:00,8.516132788
2021/4/21 13:00,14.25524711
2021/4/21 14:00,7.170194428
2021/4/21 15:00,15.71081378
2021/4/21 16:00,13.87028965
2021/4/21 17:00,23.50187341
2021/4/21 18:00,22.33701764
2021/4/21 19:00,20.07885605
2021/4/21 20:00,12.91876639
2021/4/21 21:00,9.266582699
2021/4/21 22:00,6.608958939
2021/4/21 23:00,3.485562738
2021/4/22 00:00,5.389207456
2021/4/22 01:00,6.821465659
2021/4/22 02:00,7.051987741
2021/4/22 03:00,4.452589126
2021/4/22 04:00,6.687510511
2021/4/22 05:00,7.357343947
2021/4/22 06:00,9.820808686
2021/4/22 07:00,13.69435866
2021/4/22 08:00,7.192055732
2021/4/22 09:00,2.707238974
2021/4/22 10:00,2.10265015
2021/4/22 11:00,1.272485605
2021/4/22 12:00,8.184474259
2021/4/22 13:00,3.62714711
2021/4/22 14:00,8.217439183
2021/4/22 15:00,16.06204675
2021/4/22 16:00,11.39928822
2021/4/22 17:00,10.20329427
2021/4/22 18:00,10.84631031
2021/4/22 19:00,2.68797833
2021/4/22 20:00,-0.619933184
2021/4/22 21:00,3.170035553
2021/4/22 22:00,0.352187917
2021/4/22 23:00,2.001739504
2021/4/23 00:00,2.735413741
2021/4/23 01:00,3.822551233
2021/4/23 02:00,12.85458706
2021/4/23 03:00,15.35978295
2021/4/23 04:00,18.09705091
2021/4/23 05:00,17.42709724
2021/4/23 06:00,21.1867157
2021/4/23 07:00,27.58559366
2021/4/23 08:00,19.00112493
2021/4/23 09:00,16.41614361
2021/4/23 10:00,4.89275068
2021/4/23 11:00,6.302890908
2021/4/23 12:00,14.49627648
2021/4/23 13:00,12.59687992
2021/4/23 14:00,28.84700992
2021/4/23 15:00,20.12731407
2021/4/23 16:00,23.92497944
2021/4/23 17:00,22.38913687
2021/4/23 18:00,20.38298844
2021/4/23 19:00,15.21684527
2021/4/23 20:00,7.669666885
2021/4/23 21:00,4.612699479
2021/4/23 22:00,0.168644652
2021/4/23 23:00,2.774257358
2021/4/24 00:00,1.855227221
2021/4/24 01:00,12.08616294
2021/4/24 02:00,4.571721329
2021/4/24 03:00,10.17496599
2021/4/24 04:00,9.816426945
2021/4/24 05:00,15.04484821
2021/4/24 06:00,13.5085678
2021/4/24 07:00,19.24631047
2021/4/24 08:00,8.60116093
2021/4/24 09:00,13.21032468
2021/4/24 10:00,16.83313135
2021/4/24 11:00,15.73970577
2021/4/24 12:00,16.41942751
2021/4/24 13:00,14.87389525
2021/4/24 14:00,23.4877088
2021/4/24 15:00,1.495865196
2021/4/24 16:00,7.302595082
2021/4/24 17:00,4.463584164
2021/4/24 18:00,1.420895906
2021/4/24 19:00,-7.562517289
2021/4/24 20:00,2.046499484
2021/4/24 21:00,-0.273506861
2021/4/24 22:00,-0.147642544
2021/4/24 23:00,5.94326136
2021/4/25 00:00,12.10936664
2021/4/25 01:00,11.08938879
2021/4/25 02:00,11.10463293
2021/4/25 03:00,12.15929833
2021/4/25 04:00,13.97213921
2021/4/25 05:00,14.45870794
2021/4/25 06:00,16.02083999
2021/4/25 07:00,18.48233552
2021/4/25 08:00,7.951235
2021/4/25 09:00,2.441439859
2021/4/25 10:00,3.925059065
2021/4/25 11:00,10.33066788
2021/4/25 12:00,10.14833766
2021/4/25 13:00,7.1259928
2021/4/25 14:00,11.51143861
2021/4/25 15:00,2.357623804
2021/4/25 16:00,1.357305813
2021/4/25 17:00,5.496321056
2021/4/25 18:00,9.093658103
2021/4/25 19:00,2.314638026
2021/4/25 20:00,5.412922503
2021/4/25 21:00,8.588472053
2021/4/25 22:00,7.296069486
2021/4/25 23:00,9.11160696
2021/4/26 00:00,12.91999158
2021/4/26 01:00,14.41535329
2021/4/26 02:00,11.98432778
2021/4/26 03:00,10.41396715
2021/4/26 04:00,12.48343489
2021/4/26 05:00,13.16033654
2021/4/26 06:00,13.99685443
2021/4/26 07:00,19.89536672
2021/4/26 08:00,17.06409949
2021/4/26 09:00,10.4036361
2021/4/26 10:00,-1.412778324
2021/4/26 11:00,3.877209766
2021/4/26 12:00,4.156825194
2021/4/26 13:00,9.850315306
2021/4/26 14:00,10.96090418
2021/4/26 15:00,15.76490255
2021/4/26 16:00,19.85562877
2021/4/26 17:00,12.70817991
2021/4/26 18:00,8.94791099
2021/4/26 19:00,0.90882685
2021/4/26 20:00,0.444056714
2021/4/26 21:00,6.025067983
2021/4/26 22:00,6.085716087
2021/4/26 23:00,4.621519679
2021/4/27 00:00,2.324850336
2021/4/27 01:00,6.51795528
2021/4/27 02:00,5.615678356
2021/4/27 03:00,4.794788979
2021/4/27 04:00,6.425920618
2021/4/27 05:00,6.885902053
2021/4/27 06:00,8.675884999
2021/4/27 07:00,12.47626968
2021/4/27 08:00,8.780918522
2021/4/27 09:00,-4.750894445
2021/4/27 10:00,-1.020894526
2021/4/27 11:00,3.45424384
2021/4/27 12:00,5.653417121
2021/4/27 13:00,2.063691618
2021/4/27 14:00,5.456383239
2021/4/27 15:00,4.308919802
2021/4/27 16:00,10.26989271
2021/4/27 17:00,18.73663809
2021/4/27 18:00,7.441878105
2021/4/27 19:00,-1.882611824
2021/4/27 20:00,5.72850452
2021/4/27 21:00,5.458251901
2021/4/27 22:00,11.12294825
2021/4/27 23:00,14.2480693
2021/4/28 00:00,14.91642336
2021/4/28 01:00,17.30522806
2021/4/28 02:00,12.27509852
2021/4/28 03:00,10.37446854
2021/4/28 04:00,12.32223062
2021/4/28 05:00,14.3516497
2021/4/28 06:00,17.11026635
2021/4/28 07:00,19.28202976
2021/4/28 08:00,9.960881
2021/4/28 09:00,10.12979564
2021/4/28 10:00,11.83107758
2021/4/28 11:00,10.02507654
2021/4/28 12:00,11.95642168
2021/4/28 13:00,13.01039848
2021/4/28 14:00,17.04284336
2021/4/28 15:00,18.61943174
2021/4/28 16:00,19.53487089
2021/4/28 17:00,19.62088503
2021/4/28 18:00,16.56773625
2021/4/28 19:00,12.41650245
2021/4/28 20:00,13.36652753
2021/4/28 21:00,15.32766544
2021/4/28 22:00,17.87459846
2021/4/28 23:00,16.53051961
2021/4/29 00:00,12.89155119
2021/4/29 01:00,16.36612289
2021/4/29 02:00,14.09690138
2021/4/29 03:00,14.02668141
2021/4/29 04:00,14.68549073
2021/4/29 05:00,14.76027279
2021/4/29 06:00,17.16102435
2021/4/29 07:00,17.52294642
2021/4/29 08:00,12.20071944
2021/4/29 09:00,12.38030277
2021/4/29 10:00,10.56792556
2021/4/29 11:00,8.005652916
2021/4/29 12:00,7.566287029
2021/4/29 13:00,4.840409719
2021/4/29 14:00,0.908989281
2021/4/29 15:00,4.09214869
2021/4/29 16:00,9.117284918
2021/4/29 17:00,12.45570007
2021/4/29 18:00,13.93601602
2021/4/29 19:00,16.39034667
2021/4/29 20:00,11.03635873
2021/4/29 21:00,7.06539793
2021/4/29 22:00,5.56964293
2021/4/29 23:00,1.256388171
2021/4/30 00:00,7.470347219
2021/4/30 01:00,8.42591082
2021/4/30 02:00,8.026665357
2021/4/30 03:00,10.21449139
2021/4/30 04:00,8.948000406
2021/4/30 05:00,6.369846012
2021/4/30 06:00,9.866358892
2021/4/30 07:00,12.04709769
2021/4/30 08:00,12.06210765
2021/4/30 09:00,13.71028337
2021/4/30 10:00,1.009569562
2021/4/30 11:00,5.889257302
2021/4/30 12:00,5.539300878
2021/4/30 13:00,16.05086011
2021/4/30 14:00,13.45167891
2021/4/30 15:00,7.673006153
2021/4/30 16:00,6.325541683
2021/4/30 17:00,10.84761976
2021/4/30 18:00,11.54062179
2021/4/30 19:00,19.32341528
2021/4/30 20:00,13.86160926
2021/4/30 21:00,20.9985529
2021/4/30 22:00,15.51900816
2021/4/30 23:00,18.27501877
2021/5/1 00:00,13.86126863
2021/5/1 01:00,15.76915235
2021/5/1 02:00,15.4189655
2021/5/1 03:00,12.44073582
2021/5/1 04:00,10.44212219
2021/5/1 05:00,13.26946173
2021/5/1 06:00,13.89600946
2021/5/1 07:00,14.58055297
2021/5/1 08:00,3.871992053
2021/5/1 09:00,-1.635185041
2021/5/1 10:00,6.897964164
2021/5/1 11:00,9.897695682
2021/5/1 12:00,18.97541129
2021/5/1 13:00,6.182476494
2021/5/1 14:00,-0.28842491
2021/5/1 15:00,7.647627233
2021/5/1 16:00,9.464338271
2021/5/1 17:00,9.104013353
2021/5/1 18:00,16.98679185
2021/5/1 19:00,20.44167126
2021/5/1 20:00,12.67359379
2021/5/1 21:00,6.336167346
2021/5/1 22:00,5.9982547
2021/5/1 23:00,4.282584037
2021/5/2 00:00,13.11266756
2021/5/2 01:00,15.96198546
2021/5/2 02:00,14.99779665
2021/5/2 03:00,13.68932248
2021/5/2 04:00,14.45413807
2021/5/2 05:00,15.89485515
2021/5/2 06:00,16.16271772
2021/5/2 07:00,19.21833837
2021/5/2 08:00,7.80428384
2021/5/2 09:00,7.07578815
2021/5/2 10:00,13.64802565
2021/5/2 11:00,17.16843086
2021/5/2 12:00,15.42582598
2021/5/2 13:00,16.80289058
2021/5/2 14:00,13.40949236
2021/5/2 15:00,11.28624757
2021/5/2 16:00,10.99447717
2021/5/2 17:00,13.51126883
2021/5/2 18:00,11.56697639
2021/5/2 19:00,6.988314756
2021/5/2 20:00,5.879856729
2021/5/2 21:00,3.72820879
2021/5/2 22:00,2.473174596
2021/5/2 23:00,4.145599812
2021/5/3 00:00,8.436782705
2021/5/3 01:00,3.88094721
2021/5/3 02:00,3.989594766
2021/5/3 03:00,5.324433141
2021/5/3 04:00,6.890360315
2021/5/3 05:00,7.362712719
2021/5/3 06:00,8.129013653
2021/5/3 07:00,13.2445709
2021/5/3 08:00,18.6902163
2021/5/3 09:00,1.677988972
2021/5/3 10:00,1.358586657
2021/5/3 11:00,2.269229426
2021/5/3 12:00,8.025221762
2021/5/3 13:00,7.233305613
2021/5/3 14:00,6.10994747
2021/5/3 15:00,7.677115476
2021/5/3 16:00,11.536661
2021/5/3 17:00,9.470612483
2021/5/3 18:00,12.21650793
2021/5/3 19:00,2.809134
2021/5/3 20:00,3.514722974
2021/5/3 21:00,12.2435142
2021/5/3 22:00,6.517677889
2021/5/3 23:00,1.979312551
2021/5/4 00:00,13.72369188
2021/5/4 01:00,12.56153879
2021/5/4 02:00,11.97523487
2021/5/4 03:00,12.59622878
2021/5/4 04:00,13.38580697
2021/5/4 05:00,14.06548554
2021/5/4 06:00,15.79855569
2021/5/4 07:00,20.35312921
2021/5/4 08:00,24.35464666
2021/5/4 09:00,7.033359394
2021/5/4 10:00,0.779150343
2021/5/4 11:00,2.682570023
2021/5/4 12:00,9.834008881
2021/5/4 13:00,10.47026635
2021/5/4 14:00,8.820161671
2021/5/4 15:00,5.490274763
2021/5/4 16:00,10.02557722
2021/5/4 17:00,18.22924023
2021/5/4 18:00,22.17281354
2021/5/4 19:00,6.565416223
2021/5/4 20:00,8.375844717
2021/5/4 21:00,2.193429116
2021/5/4 22:00,2.915903991
2021/5/4 23:00,12.84652897
2021/5/5 00:00,9.795233148
2021/5/5 01:00,7.020074597
2021/5/5 02:00,10.63498175
2021/5/5 03:00,8.45896899
2021/5/5 04:00,8.003979732
2021/5/5 05:00,10.85489067
2021/5/5 06:00,12.38371783
2021/5/5 07:00,14.93091619
2021/5/5 08:00,9.603171076
2021/5/5 09:00,10.43720342
2021/5/5 10:00,7.231468648
2021/5/5 11:00,4.776917394
2021/5/5 12:00,7.077795193
2021/5/5 13:00,5.674236371
2021/5/5 14:00,3.515202374
2021/5/5 15:00,12.97891228
2021/5/5 16:00,12.27380603
2021/5/5 17:00,19.41284064
2021/5/5 18:00,26.03720801
2021/5/5 19:00,15.87581815
2021/5/5 20:00,-1.146063087
2021/5/5 21:00,3.473812805
2021/5/5 22:00,5.6606224
2021/5/5 23:00,4.215102181
2021/5/6 00:00,12.95625174
2021/5/6 01:00,7.211066961
2021/5/6 02:00,5.856278696
2021/5/6 03:00,9.563615798
2021/5/6 04:00,13.27485817
2021/5/6 05:00,13.97159466
2021/5/6 06:00,13.32203807
2021/5/6 07:00,19.31905638
2021/5/6 08:00,12.88168614
2021/5/6 09:00,7.97549638
2021/5/6 10:00,-0.459800333
2021/5/6 11:00,4.04255397
2021/5/6 12:00,6.284921046
2021/5/6 13:00,5.029176857
2021/5/6 14:00,5.327474315
2021/5/6 15:00,7.528857632
2021/5/6 16:00,7.403775643
2021/5/6 17:00,10.36537389
2021/5/6 18:00,-0.791924567
2021/5/6 19:00,-0.836878458
2021/5/6 20:00,3.238493023
2021/5/6 21:00,2.269118064
2021/5/6 22:00,9.228509403
2021/5/6 23:00,4.573964027
2021/5/7 00:00,2.945225524
2021/5/7 01:00,2.299029142
2021/5/7 02:00,3.575537531
2021/5/7 03:00,4.229008642
2021/5/7 04:00,5.315687361
2021/5/7 05:00,4.859287527
2021/5/7 06:00,9.088650896
2021/5/7 07:00,17.82584963
2021/5/7 08:00,8.135636708
2021/5/7 09:00,5.3780517
2021/5/7 10:00,-0.73768493
2021/5/7 11:00,0.348429661
2021/5/7 12:00,5.082765788
2021/5/7 13:00,8.364098172
2021/5/7 14:00,1.018268772
2021/5/7 15:00,2.759836353
2021/5/7 16:00,12.12978015
2021/5/7 17:00,18.69941397
2021/5/7 18:00,16.93888905
2021/5/7 19:00,8.608983175
2021/5/7 20:00,2.183773726
2021/5/7 21:00,4.115290472
2021/5/7 22:00,3.034434435
2021/5/7 23:00,5.443869
2021/5/8 00:00,3.784698421
2021/5/8 01:00,4.238339385
2021/5/8 02:00,7.624695756
2021/5/8 03:00,14.38816072
2021/5/8 04:00,11.73629217
2021/5/8 05:00,13.93576129
2021/5/8 06:00,16.19728006
2021/5/8 07:00,19.9097401
2021/5/8 08:00,12.86397214
2021/5/8 09:00,15.3700707
2021/5/8 10:00,16.23918172
2021/5/8 11:00,17.72437419
2021/5/8 12:00,27.54607614
2021/5/8 13:00,17.61108102
2021/5/8 14:00,9.915880679
2021/5/8 15:00,16.15635948
2021/5/8 16:00,17.65629408
2021/5/8 17:00,19.30751861
2021/5/8 18:00,5.960434511
2021/5/8 19:00,9.835273108
2021/5/8 20:00,6.327372013
2021/5/8 21:00,12.30585312
2021/5/8 22:00,5.008765624
2021/5/8 23:00,3.853829402
2021/5/9 00:00,12.45476953
2021/5/9 01:00,15.68477009
2021/5/9 02:00,19.30823728
2021/5/9 03:00,18.90223511
2021/5/9 04:00,19.04833698
2021/5/9 05:00,19.85535057
2021/5/9 06:00,22.39360654
2021/5/9 07:00,25.50169185
2021/5/9 08:00,20.26035264
2021/5/9 09:00,17.56685671
2021/5/9 10:00,21.66230783
2021/5/9 11:00,20.65202118
2021/5/9 12:00,23.08367865
2021/5/9 13:00,11.04094734
2021/5/9 14:00,18.15018095
2021/5/9 15:00,11.8977445
2021/5/9 16:00,12.63208211
2021/5/9 17:00,10.60664991
2021/5/9 18:00,8.803755445
2021/5/9 19:00,8.235454817
2021/5/9 20:00,10.29559894
2021/5/9 21:00,6.132560116
2021/5/9 22:00,-2.941599973
2021/5/9 23:00,10.5982294
2021/5/10 00:00,16.11511417
2021/5/10 01:00,14.53804441
2021/5/10 02:00,17.10803461
2021/5/10 03:00,15.10381772
2021/5/10 04:00,15.29251195
2021/5/10 05:00,15.16649823
2021/5/10 06:00,18.27794451
2021/5/10 07:00,23.79810151
2021/5/10 08:00,19.12942563
2021/5/10 09:00,-0.728030023
2021/5/10 10:00,6.158305515
2021/5/10 11:00,0.563155486
2021/5/10 12:00,4.619373119
2021/5/10 13:00,4.793556652
2021/5/10 14:00,7.071504877
2021/5/10 15:00,10.63462376
2021/5/10 16:00,20.55219304
2021/5/10 17:00,26.75410027
2021/5/10 18:00,21.56662969
2021/5/10 19:00,2.419573807
2021/5/10 20:00,-0.584737474
2021/5/10 21:00,3.86967234
2021/5/10 22:00,2.197485117
2021/5/10 23:00,9.465478419
2021/5/11 00:00,4.270810141
2021/5/11 01:00,8.571049624
2021/5/11 02:00,6.756738479
2021/5/11 03:00,3.758299873
2021/5/11 04:00,4.907105083
2021/5/11 05:00,5.188549158
2021/5/11 06:00,7.990286136
2021/5/11 07:00,10.28395477
2021/5/11 08:00,6.040122635
2021/5/11 09:00,-4.98678397
2021/5/11 10:00,1.559188366
2021/5/11 11:00,-1.938178986
2021/5/11 12:00,2.743853531
2021/5/11 13:00,-1.536426741
2021/5/11 14:00,1.127324669
2021/5/11 15:00,4.410976332
2021/5/11 16:00,19.03921156
2021/5/11 17:00,19.20801101
2021/5/11 18:00,1.539233302
2021/5/11 19:00,-0.635744588
2021/5/11 20:00,-0.174067515
2021/5/11 21:00,1.722824515
2021/5/11 22:00,5.653602964
2021/5/11 23:00,18.63527413
2021/5/12 00:00,14.81401271
2021/5/12 01:00,15.36773749
2021/5/12 02:00,15.59867001
2021/5/12 03:00,15.66420081
2021/5/12 04:00,15.84468674
2021/5/12 05:00,17.34334676
2021/5/12 06:00,22.10934472
2021/5/12 07:00,20.21569809
2021/5/12 08:00,22.93644881
2021/5/12 09:00,15.176437
2021/5/12 10:00,-2.454856875
2021/5/12 11:00,4.981219189
2021/5/12 12:00,13.03239612
2021/5/12 13:00,18.27818001
2021/5/12 14:00,9.555532568
2021/5/12 15:00,13.64710677
2021/5/12 16:00,6.103694757
2021/5/12 17:00,11.08065574
2021/5/12 18:00,10.04310366
2021/5/12 19:00,5.067786781
2021/5/12 20:00,-2.205175063
2021/5/12 21:00,4.214454014
2021/5/12 22:00,10.5516452
2021/5/12 23:00,7.019853602
2021/5/13 00:00,10.1090935
2021/5/13 01:00,10.74083469
2021/5/13 02:00,9.533741636
2021/5/13 03:00,8.382375807
2021/5/13 04:00,9.478411205
2021/5/13 05:00,11.40355814
2021/5/13 06:00,13.28149086
2021/5/13 07:00,16.03221535
2021/5/13 08:00,12.10369872
2021/5/13 09:00,-4.204898176
2021/5/13 10:00,1.471376441
2021/5/13 11:00,2.401006721
2021/5/13 12:00,4.180074736
2021/5/13 13:00,5.390112798
2021/5/13 14:00,3.888147469
2021/5/13 15:00,1.715647288
2021/5/13 16:00,22.61572006
2021/5/13 17:00,18.69559196
2021/5/13 18:00,11.60136361
2021/5/13 19:00,14.29292974
2021/5/13 20:00,4.719237909
2021/5/13 21:00,3.192790923
2021/5/13 22:00,2.829183381
2021/5/13 23:00,4.890321517
2021/5/14 00:00,3.801374179
2021/5/14 01:00,14.59490857
2021/5/14 02:00,9.246130367
2021/5/14 03:00,10.64280439
2021/5/14 04:00,10.43255252
2021/5/14 05:00,13.31494899
2021/5/14 06:00,13.21828935
2021/5/14 07:00,18.62255716
2021/5/14 08:00,12.35934434
2021/5/14 09:00,8.131004437
2021/5/14 10:00,-1.127732017
2021/5/14 11:00,3.91787935
2021/5/14 12:00,5.784475279
2021/5/14 13:00,11.1141373
2021/5/14 14:00,7.525092719
2021/5/14 15:00,16.33161195
2021/5/14 16:00,15.8078263
2021/5/14 17:00,16.23980756
2021/5/14 18:00,11.64391271
2021/5/14 19:00,6.794572389
2021/5/14 20:00,-1.860364522
2021/5/14 21:00,4.51829105
2021/5/14 22:00,3.805242636
2021/5/14 23:00,4.152966736
2021/5/15 00:00,4.950804854
2021/5/15 01:00,6.072712556
2021/5/15 02:00,5.808312742
2021/5/15 03:00,5.131173637
2021/5/15 04:00,5.645866455
2021/5/15 05:00,5.703626238
2021/5/15 06:00,7.331417161
2021/5/15 07:00,5.567327998
2021/5/15 08:00,-2.127605864
2021/5/15 09:00,-0.747762459
2021/5/15 10:00,6.614601825
2021/5/15 11:00,2.817052503
2021/5/15 12:00,10.86855391
2021/5/15 13:00,7.267037826
2021/5/15 14:00,5.552997948
2021/5/15 15:00,13.50949076
2021/5/15 16:00,4.68258941
2021/5/15 17:00,9.735525361
2021/5/15 18:00,5.172412078
2021/5/15 19:00,0.487927093
2021/5/15 20:00,2.015970305
2021/5/15 21:00,2.466568059
2021/5/15 22:00,7.07692897
2021/5/15 23:00,5.746613259
2021/5/16 00:00,11.86084557
2021/5/16 01:00,5.544367474
2021/5/16 02:00,7.92252019
2021/5/16 03:00,5.336124965
2021/5/16 04:00,4.405213025
2021/5/16 05:00,4.615853562
2021/5/16 06:00,5.767554067
2021/5/16 07:00,4.899576756
2021/5/16 08:00,0.435746541
2021/5/16 09:00,0.403825592
2021/5/16 10:00,4.762963959
2021/5/16 11:00,15.01328951
2021/5/16 12:00,18.56482696
2021/5/16 13:00,15.26403476
2021/5/16 14:00,18.88188914
2021/5/16 15:00,24.75966986
2021/5/16 16:00,20.75498314
2021/5/16 17:00,19.02411716
2021/5/16 18:00,12.87793796
2021/5/16 19:00,10.80943862
2021/5/16 20:00,17.18581094
2021/5/16 21:00,15.36869705
2021/5/16 22:00,17.17066426
2021/5/16 23:00,15.25861363
2021/5/17 00:00,15.73607736
2021/5/17 01:00,14.85669366
2021/5/17 02:00,14.3457221
2021/5/17 03:00,13.87393305
2021/5/17 04:00,14.2889111
2021/5/17 05:00,13.97045741
2021/5/17 06:00,15.35584965
2021/5/17 07:00,19.9762749
2021/5/17 08:00,16.63810344
2021/5/17 09:00,24.00946477
2021/5/17 10:00,28.3667317
2021/5/17 11:00,12.86471786
2021/5/17 12:00,23.65396285
2021/5/17 13:00,15.65858573
2021/5/17 14:00,22.34419386
2021/5/17 15:00,22.37458032
2021/5/17 16:00,18.08424282
2021/5/17 17:00,16.59013304
2021/5/17 18:00,14.19721055
2021/5/17 19:00,12.43559679
2021/5/17 20:00,8.729784801
2021/5/17 21:00,10.57087047
2021/5/17 22:00,10.07607673
2021/5/17 23:00,7.681699161
2021/5/18 00:00,8.673769265
2021/5/18 01:00,9.913786796
2021/5/18 02:00,8.122318403
2021/5/18 03:00,7.707464341
2021/5/18 04:00,6.872396893
2021/5/18 05:00,7.692243584
2021/5/18 06:00,9.070793691
2021/5/18 07:00,15.33940568
2021/5/18 08:00,14.96713017
2021/5/18 09:00,13.87769314
2021/5/18 10:00,6.536115708
2021/5/18 11:00,12.85142813
2021/5/18 12:00,15.12359401
2021/5/18 13:00,16.35893681
2021/5/18 14:00,17.55051872
2021/5/18 15:00,10.18228379
2021/5/18 16:00,14.65218667
2021/5/18 17:00,11.09627036
2021/5/18 18:00,6.048792738
2021/5/18 19:00,-2.522595061
2021/5/18 20:00,3.517000413
2021/5/18 21:00,3.041617206
2021/5/18 22:00,0.056060907
2021/5/18 23:00,5.199662914
2021/5/19 00:00,9.43159465
2021/5/19 01:00,6.584311751
2021/5/19 02:00,6.159124442
2021/5/19 03:00,5.926679499
2021/5/19 04:00,4.957986223
2021/5/19 05:00,5.98759361
2021/5/19 06:00,8.764146077
2021/5/19 07:00,9.519983665
2021/5/19 08:00,8.229053749
2021/5/19 09:00,3.170662477
2021/5/19 10:00,3.774741306
2021/5/19 11:00,8.135512112
2021/5/19 12:00,14.23495977
2021/5/19 13:00,9.891949478
2021/5/19 14:00,4.777557328
2021/5/19 15:00,4.525413238
2021/5/19 16:00,6.002052316
2021/5/19 17:00,3.215122804
2021/5/19 18:00,4.505299525
2021/5/19 19:00,6.027861449
2021/5/19 20:00,1.706652245
2021/5/19 21:00,4.502044678
2021/5/19 22:00,2.358985749
2021/5/19 23:00,0.743897163
2021/5/20 00:00,8.010363706
2021/5/20 01:00,8.735882965
2021/5/20 02:00,8.350520262
2021/5/20 03:00,5.813861948
2021/5/20 04:00,6.790410175
2021/5/20 05:00,8.258544401
2021/5/20 06:00,8.974689986
2021/5/20 07:00,12.58092257
2021/5/20 08:00,11.48096317
2021/5/20 09:00,9.630545199
2021/5/20 10:00,4.19118401
2021/5/20 11:00,13.57315805
2021/5/20 12:00,16.92813766
2021/5/20 13:00,21.57649679
2021/5/20 14:00,18.77929836
2021/5/20 15:00,18.51574715
2021/5/20 16:00,17.97928274
2021/5/20 17:00,17.34097495
2021/5/20 18:00,20.54031055
2021/5/20 19:00,14.6689661
2021/5/20 20:00,14.63485062
2021/5/20 21:00,16.93232562
2021/5/20 22:00,18.65820397
2021/5/20 23:00,19.97638612
2021/5/21 00:00,22.52598421
2021/5/21 01:00,20.71410897
2021/5/21 02:00,21.15502151
2021/5/21 03:00,21.35483193
2021/5/21 04:00,22.62607999
2021/5/21 05:00,22.79642145
2021/5/21 06:00,24.53300729
2021/5/21 07:00,26.64007881
2021/5/21 08:00,22.28773414
2021/5/21 09:00,16.58500217
2021/5/21 10:00,13.19957306
2021/5/21 11:00,16.04339047
2021/5/21 12:00,15.66378632
2021/5/21 13:00,17.04053943
2021/5/21 14:00,17.59693093
2021/5/21 15:00,15.67086943
2021/5/21 16:00,15.50514831
2021/5/21 17:00,11.79012732
2021/5/21 18:00,8.868487237
2021/5/21 19:00,14.83566413
2021/5/21 20:00,12.68758124
2021/5/21 21:00,16.50009183
2021/5/21 22:00,15.75054253
2021/5/21 23:00,17.75286193
2021/5/22 00:00,19.72514586
2021/5/22 01:00,16.38485047
2021/5/22 02:00,18.93350875
2021/5/22 03:00,17.59329711
2021/5/22 04:00,18.69464498
2021/5/22 05:00,19.12558764
2021/5/22 06:00,19.21145383
2021/5/22 07:00,19.91776862
2021/5/22 08:00,17.49477061
2021/5/22 09:00,18.16043626
2021/5/22 10:00,18.71153926
2021/5/22 11:00,22.68657643
2021/5/22 12:00,18.34838577
2021/5/22 13:00,21.51290495
2021/5/22 14:00,15.88700606
2021/5/22 15:00,17.78461686
2021/5/22 16:00,15.07402631
2021/5/22 17:00,12.72022734
2021/5/22 18:00,9.662115929
2021/5/22 19:00,11.86101602
2021/5/22 20:00,9.449445463
2021/5/22 21:00,12.55653331
2021/5/22 22:00,11.58676261
2021/5/22 23:00,12.93878328
2021/5/23 00:00,12.38478441
2021/5/23 01:00,12.49488216
2021/5/23 02:00,13.56211857
2021/5/23 03:00,12.89613139
2021/5/23 04:00,14.24544833
2021/5/23 05:00,13.77181934
2021/5/23 06:00,14.16203202
2021/5/23 07:00,14.12747626
2021/5/23 08:00,11.52645055
2021/5/23 09:00,8.534405472
2021/5/23 10:00,11.77620396
2021/5/23 11:00,7.772436503
2021/5/23 12:00,17.67944513
2021/5/23 13:00,17.14103205
2021/5/23 14:00,13.532445
2021/5/23 15:00,12.88298617
2021/5/23 16:00,14.71516694
2021/5/23 17:00,14.22312681
2021/5/23 18:00,18.8804323
2021/5/23 19:00,16.68558104
2021/5/23 20:00,23.81692912
2021/5/23 21:00,23.9788342
2021/5/23 22:00,21.89054943
2021/5/23 23:00,20.99133929
2021/5/24 00:00,19.85563426
2021/5/24 01:00,18.94795363
2021/5/24 02:00,10.61182743
2021/5/24 03:00,11.10231128
2021/5/24 04:00,11.33864572
2021/5/24 05:00,10.88459949
2021/5/24 06:00,12.43081884
2021/5/24 07:00,15.17051182
2021/5/24 08:00,13.88647138
2021/5/24 09:00,9.54869671
2021/5/24 10:00,6.854379307
2021/5/24 11:00,9.419220161
2021/5/24 12:00,19.89413524
2021/5/24 13:00,16.18906308
2021/5/24 14:00,13.98540396
2021/5/24 15:00,14.0853558
2021/5/24 16:00,13.38759157
2021/5/24 17:00,16.82205784
2021/5/24 18:00,17.3137484
2021/5/24 19:00,16.77747379
2021/5/24 20:00,23.2934395
2021/5/24 21:00,20.34443191
2021/5/24 22:00,24.41939314
2021/5/24 23:00,21.05385351
2021/5/25 00:00,19.45695879
2021/5/25 01:00,18.03454267
2021/5/25 02:00,19.83501098
2021/5/25 03:00,19.60853411
2021/5/25 04:00,19.25763852
2021/5/25 05:00,20.22983805
2021/5/25 06:00,21.15610528
2021/5/25 07:00,23.3806023
2021/5/25 08:00,21.97927227
2021/5/25 09:00,20.85739917
2021/5/25 10:00,16.57570221
2021/5/25 11:00,17.56932731
2021/5/25 12:00,16.15883284
2021/5/25 13:00,14.5114011
2021/5/25 14:00,12.99090711
2021/5/25 15:00,13.04727693
2021/5/25 16:00,8.954772998
2021/5/25 17:00,7.077478583
2021/5/25 18:00,11.58751902
2021/5/25 19:00,12.96868475
2021/5/25 20:00,11.69689141
2021/5/25 21:00,16.02740071
2021/5/25 22:00,15.84363773
2021/5/25 23:00,18.32397445
2021/5/26 00:00,17.09414815
2021/5/26 01:00,16.5499458
2021/5/26 02:00,17.60217045
2021/5/26 03:00,18.6193888
2021/5/26 04:00,19.23703243
2021/5/26 05:00,18.69537448
2021/5/26 06:00,20.6174088
2021/5/26 07:00,21.2323378
2021/5/26 08:00,17.9536763
2021/5/26 09:00,9.969987913
2021/5/26 10:00,10.36358384
2021/5/26 11:00,14.44778881
2021/5/26 12:00,13.36665847
2021/5/26 13:00,13.12807565
2021/5/26 14:00,16.25070458
2021/5/26 15:00,9.003455998
2021/5/26 16:00,9.182574258
2021/5/26 17:00,18.58307676
2021/5/26 18:00,17.47639019
2021/5/26 19:00,22.49447872
2021/5/26 20:00,24.01692844
2021/5/26 21:00,25.68316929
2021/5/26 22:00,21.77683319
2021/5/26 23:00,23.24411127
2021/5/27 00:00,19.52215624
2021/5/27 01:00,21.19418319
2021/5/27 02:00,21.80822311
2021/5/27 03:00,21.74561872
2021/5/27 04:00,22.23460657
2021/5/27 05:00,22.00552016
2021/5/27 06:00,23.38119668
2021/5/27 07:00,21.52069834
2021/5/27 08:00,19.36040284
2021/5/27 09:00,14.99829941
2021/5/27 10:00,13.98203686
2021/5/27 11:00,18.44209595
2021/5/27 12:00,19.63988524
2021/5/27 13:00,20.47319519
2021/5/27 14:00,18.15254281
2021/5/27 15:00,18.09057134
2021/5/27 16:00,14.10894006
2021/5/27 17:00,13.8348909
2021/5/27 18:00,10.88075082
2021/5/27 19:00,14.35479011
2021/5/27 20:00,10.65096779
2021/5/27 21:00,11.96524707
2021/5/27 22:00,13.25463554
2021/5/27 23:00,16.93286805
2021/5/28 00:00,17.35568377
2021/5/28 01:00,19.68664888
2021/5/28 02:00,20.04349603
2021/5/28 03:00,18.49078832
2021/5/28 04:00,18.07894346
2021/5/28 05:00,18.65597098
2021/5/28 06:00,21.31645296
2021/5/28 07:00,22.18916418
2021/5/28 08:00,19.64268338
2021/5/28 09:00,14.3265257
2021/5/28 10:00,14.14250598
2021/5/28 11:00,17.48722039
2021/5/28 12:00,15.15182116
2021/5/28 13:00,12.75351002
2021/5/28 14:00,14.04576631
2021/5/28 15:00,13.25923263
2021/5/28 16:00,15.59757894
2021/5/28 17:00,16.89413444
2021/5/28 18:00,20.92720625
2021/5/28 19:00,24.29952365
2021/5/28 20:00,19.80926164
2021/5/28 21:00,18.95431199
2021/5/28 22:00,15.11698362
2021/5/28 23:00,16.12180451
2021/5/29 00:00,16.79917994
2021/5/29 01:00,17.61155556
2021/5/29 02:00,18.31963086
2021/5/29 03:00,15.62005034
2021/5/29 04:00,14.12160041
2021/5/29 05:00,14.04395252
2021/5/29 06:00,15.45729408
2021/5/29 07:00,13.97114731
2021/5/29 08:00,10.75356148
2021/5/29 09:00,17.37433824
2021/5/29 10:00,18.21533219
2021/5/29 11:00,21.09562462
2021/5/29 12:00,19.57523007
2021/5/29 13:00,17.05350832
2021/5/29 14:00,14.56991469
2021/5/29 15:00,18.29505369
2021/5/29 16:00,18.55961082
2021/5/29 17:00,22.12207918
2021/5/29 18:00,18.01627752
2021/5/29 19:00,20.83260952
2021/5/29 20:00,16.27331135
2021/5/29 21:00,15.26735671
2021/5/29 22:00,15.13276354
2021/5/29 23:00,12.77169683
2021/5/30 00:00,14.26685323
2021/5/30 01:00,14.82935547
2021/5/30 02:00,13.35533586
2021/5/30 03:00,13.11436501
2021/5/30 04:00,14.21307148
2021/5/30 05:00,15.21754334
2021/5/30 06:00,15.95162981
2021/5/30 07:00,15.86568942
2021/5/30 08:00,15.67134667
2021/5/30 09:00,14.80760833
2021/5/30 10:00,17.16638139
2021/5/30 11:00,20.45610121
2021/5/30 12:00,16.72425504
2021/5/30 13:00,20.10061456
2021/5/30 14:00,17.71369674
2021/5/30 15:00,18.45555976
2021/5/30 16:00,18.6736571
2021/5/30 17:00,19.74692827
2021/5/30 18:00,21.3398632
2021/5/30 19:00,19.15187796
2021/5/30 20:00,17.25391794
2021/5/30 21:00,18.68318177
2021/5/30 22:00,17.06087839
2021/5/30 23:00,17.77461846
2021/5/31 00:00,16.86795757
2021/5/31 01:00,17.39532708
2021/5/31 02:00,16.36756666
2021/5/31 03:00,14.28080551
2021/5/31 04:00,14.58022495
2021/5/31 05:00,13.98222616
2021/5/31 06:00,14.99233639
2021/5/31 07:00,15.10586439
2021/5/31 08:00,17.70861858
2021/5/31 09:00,12.72768952
2021/5/31 10:00,11.96145309
2021/5/31 11:00,13.02214451
2021/5/31 12:00,13.27687751
2021/5/31 13:00,17.23180995
2021/5/31 14:00,15.49564342
2021/5/31 15:00,15.45067301
2021/5/31 16:00,15.40046182
2021/5/31 17:00,16.30177835
2021/5/31 18:00,17.83222296
2021/5/31 19:00,15.02588405
2021/5/31 20:00,16.36914628
2021/5/31 21:00,15.16275648
2021/5/31 22:00,15.87941449
2021/5/31 23:00,11.79727329
2021/6/1 00:00,10.92564951
2021/6/1 01:00,11.31800602
2021/6/1 02:00,11.39605945
2021/6/1 03:00,11.85757757
2021/6/1 04:00,12.57202732
2021/6/1 05:00,13.21543093
2021/6/1 06:00,13.74647101
2021/6/1 07:00,13.2172601
2021/6/1 08:00,13.88040085
2021/6/1 09:00,8.990442098
2021/6/1 10:00,12.72722726
2021/6/1 11:00,11.12967968
2021/6/1 12:00,11.09135944
2021/6/1 13:00,17.64972111
2021/6/1 14:00,15.30038968
2021/6/1 15:00,11.9380267
2021/6/1 16:00,9.604216677
2021/6/1 17:00,11.90583299
2021/6/1 18:00,16.26084639
2021/6/1 19:00,15.85560925
2021/6/1 20:00,14.23214301
2021/6/1 21:00,12.86563644
2021/6/1 22:00,15.67778177
2021/6/1 23:00,14.08520088
2021/6/2 00:00,15.39270722
2021/6/2 01:00,15.38318503
2021/6/2 02:00,16.27895611
2021/6/2 03:00,16.12363794
2021/6/2 04:00,17.6488392
2021/6/2 05:00,18.0611802
2021/6/2 06:00,18.49038176
2021/6/2 07:00,18.54053243
2021/6/2 08:00,17.45245906
2021/6/2 09:00,17.90541986
2021/6/2 10:00,17.74441423
2021/6/2 11:00,20.64274917
2021/6/2 12:00,20.18550739
2021/6/2 13:00,19.89516239
2021/6/2 14:00,18.73282551
2021/6/2 15:00,18.16465098
2021/6/2 16:00,18.69726932
2021/6/2 17:00,19.94439783
2021/6/2 18:00,20.83324998
2021/6/2 19:00,17.09820058
2021/6/2 20:00,16.33571336
2021/6/2 21:00,20.51142229
2021/6/2 22:00,22.98937135
2021/6/2 23:00,21.69831939
2021/6/3 00:00,21.19666114
2021/6/3 01:00,20.79928531
2021/6/3 02:00,20.18860747
2021/6/3 03:00,19.36645695
2021/6/3 04:00,21.32047277
2021/6/3 05:00,20.45791006
2021/6/3 06:00,21.13000197
2021/6/3 07:00,20.93816589
2021/6/3 08:00,21.5128617
2021/6/3 09:00,21.37153807
2021/6/3 10:00,24.58469926
2021/6/3 11:00,25.04878822
2021/6/3 12:00,22.93950695
2021/6/3 13:00,23.31153036
2021/6/3 14:00,23.55400762
2021/6/3 15:00,23.82465111
2021/6/3 16:00,22.91525529
2021/6/3 17:00,20.88162966
2021/6/3 18:00,23.69213061
2021/6/3 19:00,22.01179655
2021/6/3 20:00,19.32331974
2021/6/3 21:00,16.3198372
2021/6/3 22:00,15.51258769
2021/6/3 23:00,13.35953814
2021/6/4 00:00,14.35206832
2021/6/4 01:00,14.87945808
2021/6/4 02:00,13.34584927
2021/6/4 03:00,12.57316253
2021/6/4 04:00,12.76968876
2021/6/4 05:00,13.22547973
2021/6/4 06:00,13.4340188
2021/6/4 07:00,15.24716267
2021/6/4 08:00,15.34674719
2021/6/4 09:00,12.22210349
2021/6/4 10:00,11.20848515
2021/6/4 11:00,11.38123763
2021/6/4 12:00,10.5627338
2021/6/4 13:00,13.88351018
2021/6/4 14:00,16.47096052
2021/6/4 15:00,16.18341818
2021/6/4 16:00,17.32566251
2021/6/4 17:00,19.50141378
2021/6/4 18:00,20.27307978
2021/6/4 19:00,19.04900721
2021/6/4 20:00,19.90346852
2021/6/4 21:00,22.21730884
2021/6/4 22:00,21.09562749
2021/6/4 23:00,24.15865378
2021/6/5 00:00,23.28584892
2021/6/5 01:00,24.95946281
2021/6/5 02:00,24.18294368
2021/6/5 03:00,24.07404432
2021/6/5 04:00,25.83222429
2021/6/5 05:00,25.86230321
2021/6/5 06:00,27.62512471
2021/6/5 07:00,29.45163436
2021/6/5 08:00,26.4324674
2021/6/5 09:00,28.34220166
2021/6/5 10:00,21.35994088
2021/6/5 11:00,25.09197598
2021/6/5 12:00,22.75676999
2021/6/5 13:00,21.89607908
2021/6/5 14:00,18.85456695
2021/6/5 15:00,20.28000868
2021/6/5 16:00,19.41265031
2021/6/5 17:00,21.84931967
2021/6/5 18:00,22.42046758
2021/6/5 19:00,21.04492229
2021/6/5 20:00,19.62249738
2021/6/5 21:00,19.46465644
2021/6/5 22:00,18.15444132
2021/6/5 23:00,17.79513317
2021/6/6 00:00,17.72295489
2021/6/6 01:00,18.74045908
2021/6/6 02:00,15.95241904
2021/6/6 03:00,16.74011027
2021/6/6 04:00,18.1869563
2021/6/6 05:00,18.88298242
2021/6/6 06:00,19.25609818
2021/6/6 07:00,20.31680216
2021/6/6 08:00,17.15807761
2021/6/6 09:00,17.84973628
2021/6/6 10:00,20.84165859
2021/6/6 11:00,19.40669834
2021/6/6 12:00,21.90551311
2021/6/6 13:00,23.81175085
2021/6/6 14:00,21.10844564
2021/6/6 15:00,21.84506834
2021/6/6 16:00,22.55877175
2021/6/6 17:00,23.00615414
2021/6/6 18:00,22.21031823
2021/6/6 19:00,22.08670608
2021/6/6 20:00,21.88140539
2021/6/6 21:00,20.39247545
2021/6/6 22:00,17.58144816
2021/6/6 23:00,18.19521791
2021/6/7 00:00,17.05105252
2021/6/7 01:00,17.37229244
2021/6/7 02:00,16.44138644
2021/6/7 03:00,15.78211165
2021/6/7 04:00,16.92196557
2021/6/7 05:00,16.15585934
2021/6/7 06:00,16.13413499
2021/6/7 07:00,19.34472038
2021/6/7 08:00,16.50318981
2021/6/7 09:00,17.37390092
2021/6/7 10:00,21.94792824
2021/6/7 11:00,18.36225039
2021/6/7 12:00,17.56419393
2021/6/7 13:00,17.58853708
2021/6/7 14:00,14.37671096
2021/6/7 15:00,18.05226133
2021/6/7 16:00,16.16865306
2021/6/7 17:00,16.03462031
2021/6/7 18:00,19.2978848
2021/6/7 19:00,18.01535765
2021/6/7 20:00,14.05774194
2021/6/7 21:00,13.23718526
2021/6/7 22:00,12.45153738
2021/6/7 23:00,16.02853812
2021/6/8 00:00,14.61514484
2021/6/8 01:00,14.42159959
2021/6/8 02:00,14.09478567
2021/6/8 03:00,14.1238679
2021/6/8 04:00,14.84922726
2021/6/8 05:00,14.0844342
2021/6/8 06:00,14.54086558
2021/6/8 07:00,15.72720207
2021/6/8 08:00,17.34985999
2021/6/8 09:00,16.31984196
2021/6/8 10:00,12.66895288
2021/6/8 11:00,14.09020833
2021/6/8 12:00,19.24028265
2021/6/8 13:00,18.75794681
2021/6/8 14:00,16.37447723
2021/6/8 15:00,15.59067698
2021/6/8 16:00,15.01034261
2021/6/8 17:00,17.33725258
2021/6/8 18:00,17.07069335
2021/6/8 19:00,12.63621034
2021/6/8 20:00,15.08495206
2021/6/8 21:00,18.55706904
2021/6/8 22:00,17.21054978
2021/6/8 23:00,15.13138249
2021/6/9 00:00,16.11734616
2021/6/9 01:00,16.45251204
2021/6/9 02:00,14.99831
2021/6/9 03:00,15.92174242
2021/6/9 04:00,16.61957524
2021/6/9 05:00,16.02580883
2021/6/9 06:00,15.79462821
2021/6/9 07:00,17.28158557
2021/6/9 08:00,14.45911168
2021/6/9 09:00,11.95566847
2021/6/9 10:00,13.09926157
2021/6/9 11:00,15.20886
2021/6/9 12:00,15.30453204
2021/6/9 13:00,12.32702301
2021/6/9 14:00,12.1700342
2021/6/9 15:00,9.931687485
2021/6/9 16:00,8.011483373
2021/6/9 17:00,6.105868189
2021/6/9 18:00,6.949615735
2021/6/9 19:00,2.148392989
2021/6/9 20:00,3.585305312
2021/6/9 21:00,11.16095517
2021/6/9 22:00,12.37051424
2021/6/9 23:00,13.22515271
2021/6/10 00:00,15.07568337
2021/6/10 01:00,13.66885261
2021/6/10 02:00,14.39475084
2021/6/10 03:00,14.02971864
2021/6/10 04:00,14.31924487
2021/6/10 05:00,13.73872354
2021/6/10 06:00,15.05944131
2021/6/10 07:00,16.58228728
2021/6/10 08:00,17.64381748
2021/6/10 09:00,11.93073747
2021/6/10 10:00,16.69782456
2021/6/10 11:00,11.70481738
2021/6/10 12:00,11.07382047
2021/6/10 13:00,13.26045448
2021/6/10 14:00,14.91317158
2021/6/10 15:00,11.99897043
2021/6/10 16:00,10.17777257
2021/6/10 17:00,11.497068
2021/6/10 18:00,12.94558207
2021/6/10 19:00,8.763135362
2021/6/10 20:00,6.7647894
2021/6/10 21:00,12.02686927
2021/6/10 22:00,12.08026916
2021/6/10 23:00,12.73596617
2021/6/11 00:00,12.70617056
2021/6/11 01:00,12.43595873
2021/6/11 02:00,11.93984711
2021/6/11 03:00,11.87206546
2021/6/11 04:00,11.93370705
2021/6/11 05:00,11.69074026
2021/6/11 06:00,13.33097601
2021/6/11 07:00,15.86189256
2021/6/11 08:00,16.24142438
2021/6/11 09:00,14.51778361
2021/6/11 10:00,16.24765081
2021/6/11 11:00,18.04852842
2021/6/11 12:00,19.42829011
2021/6/11 13:00,22.48547614
2021/6/11 14:00,23.43681491
2021/6/11 15:00,19.97047073
2021/6/11 16:00,18.86250308
2021/6/11 17:00,18.83254059
2021/6/11 18:00,17.45901304
