,result/result_lasso.csv,result/result_ridge.csv,result/result_rf.csv,result_sarima.csv,avg
y_sbi_001,11.177719070384557,11.350680051906979,11.37340105951128,18.012137100184738,10.87614287129896
y_sbi_002,5.886931763384883,5.922222078258396,6.082062130762573,8.997350184880586,5.882558115331017
y_sbi_003,4.833061172417896,4.8506969702213985,4.929798954922787,7.145489610393054,4.785909733796683
y_sbi_004,3.6967028288611616,3.6980276059627997,3.7853248506589647,6.209697473065012,3.6510025418244987
y_sbi_005,7.0288688867802165,7.000354883257157,7.112536699919725,10.430578440807608,6.932567475730005
y_sbi_006,9.413617551445489,9.62695425013206,9.461406057068007,13.69038661078001,9.291476327226851
y_sbi_007,6.485116353064207,6.606583573878591,6.6088060882760775,10.136575625640637,6.38019252984819
y_sbi_008,3.7710181741408584,3.7394078652619394,3.854509850397521,6.287868159195468,3.679903417100004
y_sbi_009,3.6854108784509263,3.7052971701604775,3.8514139770264793,5.9227352549092815,3.6731356662864303
y_sbi_010,5.357715822997537,5.346014130050001,5.444638628880054,8.669037897203957,5.302057181669396
y_sbi_011,4.64357504636879,4.711258155492457,4.95729707135695,7.511786920227149,4.670704385590663
y_sbi_012,5.6149270640299775,5.621649398195929,5.753386896017619,8.218262883384345,5.596577334299295
y_sbi_013,4.56502809298783,4.690010473407888,4.853798179268282,7.6643582258423315,4.581908146518499
y_sbi_014,4.2437570761501595,4.1917468653809795,4.113256212734621,6.035125763720652,4.091237599924303
y_sbi_016,3.8725632219093886,3.8590086380982287,3.949548190279362,6.333657733018469,3.826498767626386
y_sbi_017,3.8855860318494084,3.8773612266536697,3.794242367645907,6.00137530120551,3.790811231836061
y_sbi_018,3.5106485981775335,3.592766888978595,3.6001372693372415,5.432506479546427,3.5117299114789673
y_sbi_019,3.642360834465007,3.6503046819687395,3.657237350607331,5.397081407317656,3.590025770339878
y_sbi_021,6.169499810301831,6.159964374573999,6.132977920650383,9.370869597186145,6.048765401323384
y_sbi_022,5.031003729253069,5.074351769367682,5.077397227548995,7.487520516619215,4.9934118826559555
y_sbi_023,3.370924402275831,3.4213855329246856,3.444616731262031,5.1693667511161445,3.3296939649420367
y_sbi_024,5.528989859129191,5.529999682564891,5.690059254258589,8.749598006705046,5.481992234452846
y_sbi_025,4.026607617891014,4.039670563051529,3.9803986751350062,5.515479264112815,3.942497079263975
y_sbi_026,5.525832336773595,5.5059332741604505,5.43276950264472,9.302175444900833,5.402768826072883
y_sbi_027,4.9370675141441165,4.989754921228204,4.994258562623153,7.16475460850898,4.889479048463639
y_sbi_029,4.505447944589714,4.526544038674812,4.677323365402473,7.06379801545257,4.461083100375623
y_sbi_030,5.877618758293011,5.841575887158161,5.751293490318606,9.871157049417603,5.693204328134799
y_sbi_031,3.74427780745421,3.756619116325077,3.8130257342918177,7.519352169505982,3.7135940397570324
y_sbi_032,4.382738537117632,4.379140146393756,4.431833907888769,6.826531234600544,4.33082077669799
y_sbi_033,3.866527468259128,3.8649381741653603,3.8659575101991734,6.316392542635334,3.7948134738815393
y_sbi_034,3.435133237648882,3.4538469846110473,3.5730991682786986,5.171933170135653,3.43649246767597
y_sbi_035,3.9571388687492286,3.9707762696208726,4.03192077060348,5.911100395776159,3.931166098226066
y_sbi_036,7.872127824810922,8.129149132729875,8.209077255309499,11.630564472057978,7.894960711979714
y_sbi_037,5.239838207761214,5.247127385316581,5.3269455583296725,8.146152590991065,5.183390734046436
y_sbi_038,4.286072065480005,4.355695690308553,4.453647754607896,6.420422021774979,4.286876990578912
y_sbi_039,2.886796254331041,2.895522745598113,2.931827664871194,4.266559675809285,2.871665376966273
y_sbi_040,4.147018072819303,4.151303865442624,4.151871192637753,6.154901706681155,4.066143598111972
y_sbi_041,3.0662121598167764,3.0702132194162126,3.1159016191868343,4.737012434855278,3.0433863758458086
y_sbi_042,4.415697955265669,4.521289180287539,4.6190861596012915,6.743830646786532,4.455182921506121
y_sbi_043,2.2538864848985334,2.270761969250866,2.3318225893933557,3.5170979495848806,2.242842731011893
y_sbi_044,3.213225596861014,3.210524949691108,3.218346976798656,5.16844573630716,3.169108835236151
y_sbi_045,4.676366421973499,4.692810408101974,4.755253842539658,6.9538285540742315,4.646937901583761
y_sbi_046,4.984654736707131,5.022904855206887,4.931715622181663,7.82338464447686,4.846536313377728
y_sbi_048,3.7234682770183074,3.720559207327095,3.7836989914935253,6.231837468181772,3.6517250767490608
y_sbi_049,6.44278345051117,6.415537821245188,6.466081593085761,9.590517575280431,6.373266898505435
y_sbi_050,2.9848485571990206,3.0093575777124717,3.058702677408228,4.736087655971765,2.9716992337411265
y_sbi_051,2.690947150796413,2.6779473336514523,2.7644527818682545,4.435320618516917,2.663487730241122
y_sbi_052,3.2793982414581024,3.2863611297636703,3.299304477597298,4.922881897485468,3.24616174026453
y_sbi_053,2.7298417758262,2.7284616769456935,2.69325431971443,4.164370349482036,2.6892256710485
y_sbi_054,4.04907542078425,4.111929148497863,4.075613251373337,6.076003622470077,4.014121728474681
y_sbi_055,4.694818388642896,4.708170060427958,4.771997920790374,7.589763869892042,4.650177938717383
y_sbi_056,4.151004868971813,4.161859297028402,4.154123588043023,6.744895407492952,4.087569783636015
y_sbi_057,4.23940611265692,4.265732931423504,4.307529918240461,6.367546878765991,4.2058310882846035
y_sbi_059,3.7176085144239206,3.715810951319414,3.784138535185141,5.590886937151833,3.6942108260146997
y_sbi_060,3.539654972291151,3.536774544156763,3.566426644183352,5.288587150453537,3.493756059920541
y_sbi_061,9.033519715980912,9.105188405127373,9.287757362344463,13.665924325861923,8.983682155932051
y_sbi_062,4.536515100981781,4.61861796710423,4.7412297406068165,6.475763602173127,4.576885066114475
y_sbi_063,4.2664526714928,4.275222415783071,4.268949503254207,6.372823958561524,4.213237000239207
y_sbi_064,4.970342691381934,4.9957884433189745,4.977215714555952,7.337141535967812,4.8736193654905495
y_sbi_065,4.425061241733961,4.409854021432005,4.342659319875327,6.454168998285306,4.312146731698966
y_sbi_066,4.096354188313672,4.085480823379047,4.1004675140514575,6.612959912261838,4.035001942543625
y_sbi_067,5.702999041282512,5.6724545866242515,5.740869054606767,7.97166769391944,5.611481512433694
y_sbi_068,3.9492126186542187,3.926897648041052,3.89674273295647,5.828371678600553,3.8589809250948983
y_sbi_070,6.378817681264374,6.48400969219166,6.596525185331663,9.538612952869746,6.3902043489825635
y_sbi_071,4.279840531589893,4.323305918768699,4.34742667560412,6.0583583408608055,4.254445717893123
y_sbi_072,3.211110516996824,3.214000057992362,3.2622060776481296,5.1543401161282425,3.1818263964083346
y_sbi_073,2.515841088393466,2.525574857072147,2.5109851788278346,4.19475450276473,2.475188150714839
y_sbi_074,3.9851547790331505,3.986202319489529,4.054655101120515,6.581942224772271,3.9513693968836394
y_sbi_075,3.6826315576957187,3.7153749241891565,3.756647558535437,5.426020476203564,3.661752294128004
y_sbi_076,3.37571327749537,3.354397767073434,3.434191539672613,5.461691490837118,3.324790192236167
y_sbi_077,3.271420305736415,3.2925434704182868,3.2959280602978436,5.06504420493038,3.238454980933165
y_sbi_078,6.391972680643121,6.413873918093356,6.454844476097006,9.561191403522603,6.298734133855663
y_sbi_079,4.038094767028007,4.036248337738831,4.076754858541358,,3.9970681138011535
y_sbi_080,3.9489083987829243,3.9541220045871817,4.040992074667543,6.076216361455471,3.9374611650948927
y_sbi_081,4.978564278120626,5.03116179755695,5.121342238883007,7.752347837931897,4.974128658371221
y_sbi_082,5.8138355548177385,5.873960845221031,5.9198717341902585,8.687684793854377,5.788688635609083
y_sbi_083,6.78675584127392,6.817173532388861,7.04694147654332,11.509294612578103,6.73065327689088
y_sbi_084,3.7917831631705585,3.7820069164532546,3.8228794788072644,5.876467457582442,3.7129522779378075
y_sbi_085,4.926297878967152,4.966284348108155,4.87709284692142,7.410204596496096,4.8780112135383575
y_sbi_086,2.79832479156194,2.854834933098056,2.7888897352513258,4.243864662034823,2.777941558567798
y_sbi_087,5.870397380302403,5.900048196885382,6.050234909300993,8.452011948266353,5.805909465905704
y_sbi_088,6.29636844386463,6.356316890746302,6.35478559575651,10.311119380599347,6.229055237678871
y_sbi_089,3.9025355834477677,3.929375395927435,4.0317476983922775,6.1595070501278695,3.864329929254018
y_sbi_090,3.3985320079293095,3.400552996374573,3.5209574809693023,5.489028137709809,3.382159000297605
y_sbi_091,3.6917212851960004,3.712547192739365,3.7328600529247424,5.637157911934189,3.6687496450202075
y_sbi_092,3.992810415054564,3.9645565907083764,4.056588151655945,6.204382146440198,3.9548476308326883
y_sbi_093,6.022628768109635,6.071848932427918,6.091528763985069,9.127118069939359,5.9657050525661015
y_sbi_094,5.998943295268877,6.171502046634634,6.221744276852562,8.661651476317058,6.051185136050953
y_sbi_095,3.3745808635918633,3.3601984245919914,3.383864445038747,220.41340048984566,3.316535334252106
y_sbi_096,2.757130349999512,2.734853023941309,2.811893599654747,4.371466161494311,2.71674026671038
y_sbi_097,6.597253183189489,6.7293253843311645,6.942169241035435,9.310873224238934,6.63873739661842
y_sbi_098,2.6827225804304784,2.694926021329557,2.7820770877724086,4.277257214193515,2.683969423760636
y_sbi_100,3.8028823502500235,3.796909707846341,3.864623494507667,5.4188571606100435,3.787921058850682
y_sbi_102,2.727907700859355,2.705036719793874,2.767584339078627,4.322272385001023,2.70302015624214
y_sbi_103,4.180151295540578,4.154519608737624,4.270927641292301,7.571284966086662,4.1182368484446785
y_sbi_104,4.37270512082784,4.387598011892252,4.380967025958492,6.384511260458054,4.321969302506282
y_sbi_105,4.093702701365719,4.095242634238293,4.15828988505045,6.203423372145754,4.070652596766542
y_sbi_107,4.75239595020709,4.754056124133925,4.770436175763886,7.6001949973326015,4.666580263372514
y_sbi_108,3.8288789413967095,3.822779848547321,3.936472064254957,5.761358209032143,3.7652079874979787
y_sbi_109,3.210840859888344,3.2058182884552875,3.2311637617451217,5.1054585914534565,3.189765383272746
y_sbi_110,4.482506034405963,4.545572736353485,4.556622658428021,6.607715246400058,4.400827954929565
y_sbi_111,5.828723284800422,5.804927090402345,5.937501176019324,9.320107998574322,5.716426121405789
y_sbi_112,4.670839184018636,4.672309214087779,4.750213071640134,7.037574262529086,4.639478241725376
y_sbi_113,3.206912823717599,3.1394792929711994,3.1575339402081912,5.273803742629244,3.1194177060878547
y_sbi_114,3.858580639888592,3.8579302206816335,3.9161881590191223,5.588053311353451,3.839720393907985
y_sbi_115,6.704712311582968,6.69456112815573,6.768404464993628,10.56846779443814,6.611920628873422
y_sbi_116,3.1828177093132557,3.2254793636790375,3.255330969069766,4.9729293146478275,3.1793778998662443
y_sbi_117,6.31791214504177,6.314643376220648,6.335095542934483,9.432431422806896,6.245481319030458
y_sbi_118,3.947415916606992,3.9121489561554537,3.960372298701132,5.931841634189362,3.8715989855128092
y_sbi_119,7.554308337957045,7.6012669540468485,7.6780762825229445,11.609196087905564,7.439731676577197
y_sbi_120,4.992073463665349,4.996659454315588,5.004708781967224,7.570391441244658,4.935730050485132
y_sbi_121,4.037129953362562,4.011970258499276,4.003478337647018,6.686435111946311,3.972754143667723
y_sbi_122,4.92994280708582,4.980655681922528,4.964618461051419,7.839743939381994,4.843715275436277
y_sbi_123,4.003448190738252,3.9979102104316024,4.0369820257053695,6.028690822899076,3.9616680927786723
y_sbi_125,3.672292358193174,3.6564074355941054,3.6461262087430244,5.207066930296761,3.587631605147193
y_sbi_126,3.512206745087102,3.5008886917105344,3.527964881455059,5.454836920457328,3.459657634732392
y_sbi_127,4.116778488085236,4.113619108817339,3.899889479305786,6.967628108154047,3.953794404959872
y_sbi_128,4.1640428462352315,4.175970642666572,4.178676566844642,6.444870406811999,4.083166364983329
y_sbi_129,4.226719592624661,4.174892037049219,4.3161731226829865,6.640989760767797,4.020714746157222
y_sbi_130,3.6404470851870947,3.6195195950640198,3.6121630394963016,5.389748167806045,3.589389068898132
y_sbi_131,4.656539631942137,4.63713549559833,4.74453009573853,6.933659159640584,4.588574031598335
y_sbi_132,9.225002382220685,9.291092103768749,9.514269432290893,14.497917078107005,9.064947878846727
y_sbi_133,4.702060811739967,4.680490670916761,4.693187552448658,7.28136344529348,4.604386125244124
y_sbi_134,7.962988165359687,8.009067073279882,8.168865554126473,11.8075810994435,7.925296253761779
y_sbi_135,4.547370254187893,4.549873033568235,4.654416373006027,6.952398586963443,4.519686025628445
y_sbi_136,2.6200008212674857,2.6113791440171705,2.63138107156722,3.9745784773535284,2.5882302432699893
y_sbi_137,3.7068944188557933,3.6873820069558674,3.67679297313892,6.015182497643405,3.6366970203830977
y_sbi_138,4.412714001692348,4.424488639969871,4.510585627830936,6.418801569375109,4.398534138395403
y_sbi_139,5.020735150261117,5.016978727688283,4.923430364974129,6.757750458983359,4.909828830312266
y_sbi_140,5.134190486236511,5.104806969779733,5.13431055951063,7.793167876275503,5.063863316161027
y_sbi_141,2.491852996587617,2.4192110385209116,2.4709473123645114,3.891780282354023,2.438656723649391
y_sbi_142,3.6273494938992092,3.6293705801205465,3.6544313309324967,5.798436488579645,3.5866034553437847
y_sbi_143,3.6325574853355893,3.640224520668546,3.722098013655797,5.566806938532274,3.604384239786889
y_sbi_144,4.197377600956181,4.178146405355471,4.270640722705791,6.621270189858029,4.146487755364474
y_sbi_145,3.7567440577231483,3.7244421523128035,3.8691720522039814,5.948027269182392,3.718357299272099
y_sbi_146,5.991991745672936,5.986311314535582,6.175702331319546,8.82748668401013,5.958203062698334
y_sbi_147,3.6855510866946277,3.6831069889930492,3.6863701542481686,5.317768326936084,3.634789752308066
y_sbi_148,3.819931954411258,3.8705553587508637,3.8340164187696657,5.835341593975696,3.7951655208425885
y_sbi_149,5.269109695320607,5.198455111588731,5.395567908986484,8.821836267402288,5.082745198450865
y_sbi_150,4.151621335366576,4.16074414521863,4.145082084926901,6.496257446019734,4.096793106466805
y_sbi_151,3.108320414712747,3.13287376282343,3.092960039820607,5.053799341111119,3.0601362482748096
y_sbi_152,5.036414815891486,4.947115355265109,4.995993837595168,7.1306994980891565,4.888262275158152
y_sbi_154,3.514831045197898,3.521807049854529,3.538866365497654,5.508372663838262,3.480004528446879
y_sbi_155,3.3204654538064324,3.3139931078034635,3.463116552545083,4.859605630130193,3.320247302031423
y_sbi_156,3.612479026282065,3.6158731707353424,3.779863094348258,5.773171493506063,3.621717820293251
y_sbi_157,2.6807568556890704,2.6718320355679275,2.778273320378242,4.560657929531538,2.655691252008025
y_sbi_158,4.311862207929211,4.317511896636893,4.377701525727381,7.127652596674351,4.252687290001633
y_sbi_159,3.4719808383660484,3.469721015531272,3.5486841875293362,5.570783742931521,3.4476152311822457
y_sbi_161,3.5553653606014275,3.542135291980499,3.605689818187151,5.795527295047304,3.5151129709131292
y_sbi_162,5.10501337118342,5.095771052320778,5.278242321340143,8.777048739609532,5.065363037278318
y_sbi_163,4.130898429513683,4.152399736166996,4.3291030923349485,7.110573042696455,4.114443195375699
y_sbi_164,4.907769789420218,4.979911878797216,5.053395597123121,6.953186380433556,4.881171766339002
y_sbi_165,3.6845048054739378,3.717597948422829,3.7271062292121004,5.808983003912391,3.669992161580727
y_sbi_166,2.700460633138168,2.7002233042905406,2.723258387196121,4.084728699915683,2.663436737161544
y_sbi_167,4.37710740030955,4.430032802060465,4.580577224114802,6.458611570414892,4.379603324708496
y_sbi_169,4.012652220149817,4.020415759317425,4.0343203142399,6.567573242429116,3.907157793690294
y_sbi_170,3.4518601074490443,3.439889927972044,3.614859358891624,7.043540130238674,3.4396158095688385
y_sbi_171,2.806146647423496,2.825251088061051,2.819582750864285,4.414105524575293,2.7741731397052494
y_sbi_172,3.4001520718225775,3.4536990300025736,3.496015729702566,4.674961205039451,3.4002322277779227
y_sbi_173,6.168133589133006,6.249951187841952,6.128118793879091,9.0958387747537,6.090216446579661
y_sbi_175,6.171666089578451,6.179635560786341,6.280574204609232,9.101518447803054,6.137114122117274
y_sbi_176,5.599521258319029,5.63807328930948,5.886998790521504,10.087221880823591,5.539289331495989
y_sbi_177,3.177258866388555,3.1759642965182193,3.2394789651625544,5.174483821012087,3.1430642994843327
y_sbi_178,2.862993393502598,2.8409700278444654,2.952039142984492,4.6455738547525565,2.818535225765553
y_sbi_179,3.7199653806329556,3.684342043454676,3.8426441899055828,6.518072746747652,3.657632608303095
y_sbi_180,1.8123338075850464,1.8133286146756165,1.8430715209940765,2.833359229007932,1.8088001283028903
y_sbi_181,4.882284775803905,4.912608462782883,5.015382705138428,7.527451206834768,4.799543949727189
y_sbi_182,5.042282475344852,5.080882978211935,5.1993746118317326,7.633430567471134,5.026602029979011
y_sbi_183,4.226982218809993,4.185368725022492,4.196264849911878,6.003625479285186,4.13411580050081
y_sbi_184,2.6815950511168194,2.6693214356677037,2.734057047927826,4.36423150791234,2.658298328334686
y_sbi_186,6.533340371798268,6.5032812981304655,6.649150643865478,10.999996315821738,6.347606221808016
y_sbi_187,3.7830327246298463,3.7772652490181695,3.8117423829661092,5.9060920661190135,3.746826861110851
y_sbi_188,3.1243068784570256,3.117138023756282,3.141673822043388,4.98990649669475,3.0820362647734743
y_sbi_189,4.058379537337975,4.006564471603981,3.955609186528538,6.066483274948162,3.9127973225624086
y_sbi_191,2.856095488622652,2.875065078963295,2.9434556539707972,4.517203700840065,2.8634429567374435
y_sbi_192,2.90093409335664,2.9046455600109824,2.912700018394341,4.5649295796340335,2.868890352774
y_sbi_193,2.643868214057119,2.6094207678192474,2.586066903907889,4.330532497697292,2.5706044998125734
y_sbi_194,3.645540637330451,3.6554814994308873,3.685480887460184,5.817806967422467,3.626833509555937
y_sbi_195,4.815207614854339,4.816262303167435,4.746765783418644,8.021261365902351,4.666082732453499
y_sbi_196,1.7310499954173646,1.7121632068637687,1.7340479939945652,2.7105397806306444,1.7070205130405403
y_sbi_197,3.88770886083294,3.9076665674097235,3.9146573016332993,5.852325682638981,3.854458945390672
y_sbi_201,3.2952359861447595,3.32460323295784,3.3188004158165634,5.090742922337033,3.2719992040944734
y_sbi_202,5.059692442347307,5.108785243553795,5.120431801720224,7.972876550255347,5.052917139808155
y_sbi_203,3.3229682538861742,3.3007967151990227,3.389451379855114,5.344482226299247,3.27485946483557
y_sbi_204,3.784497486043193,3.7572221194542847,3.7861896847338454,5.865857875879486,3.7104712318454847
y_sbi_205,2.2766646645466597,2.2792291735654535,2.22771345964213,3.601276736491911,2.221634902310319
y_sbi_206,2.351167432124763,2.3593528887422415,2.3361693089504882,3.5494479278472797,2.314864388412129
y_sbi_207,1.3834139609033547,1.379413957310079,1.3908178893172958,2.228404387588751,1.3755962226798857
y_sbi_208,3.11145247992007,3.08594473286315,3.11780190216681,5.339110802198219,3.0365776676680047
y_sbi_209,2.992492228254119,2.991591012529104,3.0673020804277695,4.730832081318997,2.9584103712223264
y_sbi_210,6.164194987685579,6.135158329662507,6.253499738060716,9.258141534582423,6.023055245326361
y_sbi_211,2.3080292094552144,2.2950872797153137,2.3848664302023037,3.66372324505076,2.3018029332548755
y_sbi_212,3.39869521535728,3.394362747183504,3.4664871570536073,5.428230276076176,3.3892454925863906
y_sbi_213,2.9685175921038978,2.977782824973599,3.0870385837906866,4.734248009919839,2.9791387350750047
y_sbi_214,2.669519532445896,2.6754672997382567,2.760238949367289,4.265240544537573,2.65612677609543
y_sbi_215,6.79591848318543,6.8155432841796095,6.899388596180248,10.247987396879344,6.741400240519284
y_sbi_216,3.431632956361022,3.4397838932138436,3.4841380738082997,5.476566168014523,3.380044554062644
y_sbi_217,4.351283562914468,4.356211161793553,4.278330984111425,6.252468239292989,4.236047039626192
y_sbi_218,4.230565580377732,4.236414338023522,4.338072483523163,6.681770510071721,4.194770130410615
y_sbi_219,4.083588513009165,4.099618085544239,4.098402054316061,6.303176366601591,4.030332644611874
y_sbi_220,4.25427845360103,4.24007428304925,4.343152050868045,6.454841813637211,4.237011843840051
y_sbi_221,5.7965827187941885,5.78449976189173,5.657597630712424,8.303705643047968,5.623206839921047
y_sbi_222,3.2842435636662732,3.289430090692201,3.2868828864269046,4.855263245982649,3.246874317829337
y_sbi_223,5.106666422528735,5.061897395481827,5.018427569975819,7.318375062916809,4.985952025748112
y_sbi_224,3.1440793905135798,3.1362872517291747,3.1939702410448048,4.882066724185845,3.1003115563449906
y_sbi_225,3.9908624094156284,3.9932609870415323,4.033693524442822,6.0288286396963064,3.9402477705007013
y_sbi_226,2.9987530177289616,3.013269534615398,3.0964768656089388,4.976401205637732,2.986265758917319
y_sbi_227,2.7365683390956606,2.7316796566235304,2.7698591725100936,4.401558643007722,2.708807685899415
y_sbi_228,2.4119418591568134,2.3694749316683574,2.377849489390441,3.795415922420843,2.361153923478799
y_sbi_230,3.2487003304208435,3.255002433207634,3.2828433761365883,5.109468550635366,3.1824446291437027
y_sbi_231,4.1215258955703655,4.137690873071066,4.109692972554198,6.469473370321952,4.05187853027137
y_sbi_232,3.566036859070473,3.5530012107810847,3.6416220277155897,5.694301921988449,3.5422604482145506
y_sbi_233,2.1984066261714927,2.1887106713650524,2.2134322890374034,3.4953185042570136,2.1847803505108856
y_sbi_234,3.339519051360224,3.3724279823518173,3.5109678629543932,5.247009572509627,3.3508278341377706
y_sbi_235,3.4342076504934425,3.4384851039794886,3.514790318723568,5.048668201299513,3.41144947096053
y_sbi_236,3.655111561879901,3.630472714442966,3.6629782283165713,5.846912138706796,3.5750820195990167
y_sbi_238,3.4634359100379797,3.452436565200058,3.429483358281801,5.064862165349704,3.37152724630808
y_sbi_241,4.334556246233656,4.384205137539148,4.35690511488589,6.444380519283332,4.265505617731119
y_sbi_242,4.000738178065063,4.016363234007727,4.009012423426868,5.902322256440172,3.9731158339039725
y_sbi_243,2.4367684754653354,2.4257498103167414,2.4840961739919716,3.7327262965855166,2.4058036355006074
y_sbi_244,4.578432924030296,4.586138648616466,4.567554328341952,7.199228445397043,4.491912849080296
y_sbi_245,5.419116108471604,5.414612649279429,5.611515109047603,7.7503126907178475,5.368858633024937
y_sbi_246,1.8248042066876162,1.8210015284448722,1.8826665229501804,2.959339963126778,1.8116535545777406
y_sbi_247,2.219997138084142,2.2552588508284126,2.2396708498033027,3.6008954995844884,2.2020797110954606
y_sbi_248,3.635258296673783,3.6238522830223308,3.738207955957057,5.265427760018688,3.54893115325985
y_sbi_249,4.439563322607613,4.460996863986689,4.594957912491871,6.510258248391798,4.456640862415832
y_sbi_250,3.4751638885312404,3.493998520424946,3.5302901769586765,5.645817324024239,3.4540239575828107
y_sbi_251,4.070437381764455,4.126105590215365,4.055032343401184,5.742511608532443,3.988067979543357
y_sbi_252,3.7778694421679067,3.7812046643133437,3.9122357077676617,5.681336546609675,3.7604082989201166
y_sbi_253,3.668779702643178,3.665756308922828,3.7416822126506455,5.723401546328629,3.632959014540693
y_sbi_254,4.071084606642868,4.099213217251558,4.125694695279534,6.8702879182115675,3.9816543693744912
y_sbi_255,3.733805851640671,3.7275031372372043,3.787204121380789,5.64119996189655,3.7144352720283504
y_sbi_256,2.722165398058465,2.7203914880406614,2.7841159311533366,4.408973766783004,2.701981719473396
y_sbi_257,3.3926268388350227,3.3680246611404305,3.3830745796406334,5.287652683315292,3.3094380619600594
y_sbi_258,3.9078189797888894,3.920229674485929,3.941424102309152,6.543904600427284,3.857014632806633
y_sbi_259,4.220325634659355,4.249246850200874,4.229825104009133,6.269565695649965,4.189858115684431
y_sbi_260,2.154536451872023,2.1520877080101295,2.202744117812126,3.458063599788712,2.145357378585997
y_sbi_261,4.125653614526025,4.083365755435068,4.142969474412201,6.753405326779211,4.003775248509523
y_sbi_262,2.618228017412415,2.618425083992714,2.6205866243060836,3.97895867295302,2.577128528618058
y_sbi_263,3.9939027206448254,3.97815775454652,4.077443295591751,6.057977382707007,3.967054421275745
y_sbi_265,1.650354888049177,1.6582462038965893,1.7134246681211256,2.6406639764558495,1.651676173976127
y_sbi_266,3.6718025345382523,3.677044478523868,3.752228253371513,5.443827799003231,3.6193165929835045
y_sbi_267,2.8755476373801905,2.8669598950367092,2.8885687792802055,4.500108844361616,2.8505687252096727
y_sbi_268,2.78854526744689,2.7904203828198524,2.8357543068457014,4.41740488261946,2.7572449872612728
y_sbi_269,1.8348897064373797,1.8333970050267128,1.8404476211618785,2.89563830299652,1.8138957053458002
y_sbi_270,4.190857458089114,4.170906360540033,4.12844322852055,6.102952189196321,4.085201141559382
y_sbi_271,3.1447705572988696,3.163588960194275,3.1227866419394528,4.789174186843104,3.101391884042939
y_sbi_272,2.597529560921027,2.6091566845486156,2.6350825072716564,4.017714405242977,2.571623579460496
y_sbi_273,4.186999952200999,4.1285417841359635,4.068626515211217,6.193149580505925,4.041826862262367
y_sbi_274,2.9849486696475607,2.9819508589890957,2.9758494555979333,4.663835328627782,2.9351894075356464
y_sbi_275,5.386245213387842,5.399111991388684,5.496371160207232,8.503989790454776,5.3496231771406535
y_sbi_276,3.7148249069639423,3.740079094759175,3.778504076955061,5.921446276310058,3.678095806162702
y_sbi_277,3.689615428331151,3.6843720077948037,3.704852324894154,5.320550962875821,3.6482565149681676
y_sbi_278,2.3788167159937514,2.372812273744093,2.3964541376552213,4.127535894305258,2.3360631068975635
y_sbi_279,5.58835204160023,5.56135029747515,5.74033531527628,8.712780770561702,5.513742781471455
y_sbi_280,3.6254989368133157,3.534156431152717,3.547515644539607,5.157038971092113,3.487609770088052
y_sbi_281,2.8560678981379137,2.8627280691065966,2.8563585235875815,4.420440524561587,2.8349035591428655
y_sbi_282,3.7593031548428884,3.794432406577096,3.830602764460386,5.671871534963793,3.7337479518197942
y_sbi_283,1.890447467638619,1.8964170938400067,1.9007230769745296,2.9983385866186585,1.8725732123523882
y_sbi_284,2.8937201152040872,2.8960190186832806,2.9989155413575768,4.5084514343044395,2.899573796841329
y_sbi_285,4.552035818045319,4.54779608847909,4.550717009732045,6.850849909689541,4.450034531668031
y_sbi_286,3.339031319590835,3.3242235794070356,3.3194089551310886,5.248252406540049,3.2699367713189154
y_sbi_287,3.8854175571808316,3.8587703089383876,3.988776325260792,6.023604076290252,3.841241921986657
y_sbi_288,5.108099576851757,5.088942888861096,5.119885932020464,8.434846768452468,5.03524102556441
y_sbi_289,5.777329296733905,5.788450784243571,5.595824707221467,8.22498113219046,5.601783617390846
y_sbi_290,2.638020162493046,2.6465858532471707,2.653037041018644,4.123450866098581,2.614999629611556
y_sbi_291,6.057371045462003,6.091732647720643,6.043864105472059,8.808236496482191,5.964888378038133
y_sbi_292,3.0946967617151637,3.0943071260057278,3.105666758343425,4.846958222039069,3.0533738910628863
y_sbi_293,5.367898871011748,5.409509318145194,5.515528026283801,7.961797182300044,5.378726608858967
y_sbi_294,3.819249464548017,3.857433212566534,3.814304908966615,5.978685436094227,3.76493365254523
y_sbi_295,3.363079277524539,3.369375986182436,3.4136536517611638,4.915376229141385,3.3535282599726646
y_sbi_296,3.095103911756683,3.10513562536274,3.0745647996276895,4.671899216818602,3.035653368306416
y_sbi_297,2.8561380557469014,2.8423755124425147,2.819384906746017,4.16468144938782,2.794464756518256
y_sbi_298,3.3807933944440403,3.364864155467981,3.4498727548259316,4.998324627186319,3.3432879445908306
y_sbi_299,2.625864374639412,2.6190988702702933,2.67531252809073,4.120392426122645,2.603952466158692
y_sbi_300,3.241990945927516,3.242544246803178,3.271076541695482,4.879854594227971,3.215063547637725
y_sbi_301,3.570378669556541,3.5742725912938136,3.6625566606291593,5.204263754359717,3.5561443211385373
y_sbi_302,2.87275322573108,2.895981627255124,2.921981367454147,4.632933506363816,2.8414867293725288
y_sbi_303,4.3224202080795875,4.318770614176365,4.223371627367751,5.627571093775914,4.177646597048851
y_sbi_304,3.8056110044264284,3.8383023363596216,3.8895028552648445,5.787269618057039,3.7724376600732725
y_sbi_305,4.944784606889456,4.951238990287092,4.924976235896938,7.676570671048622,4.820756189794541
y_sbi_307,3.536267010415048,3.5321368151812473,3.528926562775351,5.148373407984942,3.488778124074413
y_sbi_308,4.066530163570284,4.074397698072192,4.001175451487522,5.863392844795532,3.973515114312638
y_sbi_309,3.1819247486526407,3.215112234423515,3.247862910453356,4.91775765830931,3.1594268744396086
y_sbi_310,3.251638943050954,3.251525471609082,3.2713684984194984,5.206920525326768,3.2141855999869713
y_sbi_312,4.410432729940359,4.452161973317565,4.575267260308534,6.850518140153792,4.4118670101999315
y_sbi_314,4.079955013074614,4.090486152279809,4.036880313341982,5.972052071926903,4.010831709157818
y_sbi_315,3.648981829819729,3.6606343882467605,3.642126432508972,5.758628346520521,3.6037564867116028
y_sbi_316,3.4432565233933703,3.451848800085364,3.506506082952124,5.249548924780234,3.415245652958234
y_sbi_317,2.792925420848941,2.7736214839680433,2.7771825508478845,4.285277652511807,2.736084726196015
y_sbi_318,3.1056691403314933,3.134260461723174,3.099697868241617,4.601554928710818,3.0648428589876975
y_sbi_319,3.112521511115875,3.110576250658337,3.1968153478352015,5.024837434502328,3.0940346833532795
y_sbi_320,3.594826589953813,3.6156428397388836,3.663148479104971,5.228315873187923,3.5871305407853775
y_sbi_321,2.9739585121647343,2.958179887689024,2.9835076361304074,4.650993237477186,2.9314248392703526
y_sbi_322,3.1527045349045877,3.1529153855671774,3.178803555350423,4.969212248450042,3.134024231262808
y_sbi_323,2.6302056409182097,2.626507213205982,2.654369654777244,4.005650169497029,2.598381405228042
y_sbi_324,2.767737941291654,2.7992691397039877,2.7834928110762203,4.206177448979342,2.727871794666978
y_sbi_325,2.3112957943322843,2.37786808591698,2.4396324321906584,3.6418854845329323,2.3012455193911467
y_sbi_326,2.9418034927877854,2.986244158684494,3.1128255003538876,4.687226438829141,2.9542088096484047
y_sbi_327,3.0625796979269464,3.067452236798844,3.1016034832229087,4.584805920026153,3.046352990777119
y_sbi_328,3.0729320699243257,3.0780622102282638,3.0972711538075814,5.05408038944835,3.035529758864975
y_sbi_329,3.0317782345443582,3.0330599100319247,3.090197842729338,4.7725360685605205,3.0182391576896825
y_sbi_331,3.1704618327762564,3.1898518866211227,3.1651815945294772,4.954833252179117,3.149918187908827
y_sbi_332,4.4453738066641995,4.460622956491933,4.4833697246624915,6.284491254724232,4.397199528652028
y_sbi_333,2.5494706758890464,2.5879393234935115,2.6205256005666215,3.989399791551179,2.555060081718192
y_sbi_334,3.329558229220199,3.3490317116815773,3.31724750351144,4.837866518506895,3.288753313048621
y_sbi_335,2.0971433309916723,2.0966219038636207,2.114182884339866,3.1936044444303406,2.0686537602626895
y_sbi_336,2.4405686553355515,2.4391521041862925,2.47008272426026,3.7091028707773037,2.4226086824526862
y_sbi_337,2.6047691543044564,2.5990192193478405,2.6130767087640168,4.299175499606019,2.5675019006071422
y_sbi_338,3.03313601674044,3.0244052523411176,3.0218992216848006,4.610198620699592,2.963952124273274
y_sbi_339,3.2772671032200353,3.2978620256947524,3.20299041738741,4.982822789559457,3.172570613679449
y_sbi_340,3.01512791163527,3.0249936129329096,3.006093139988707,4.298063505293592,2.97582335210332
y_sbi_341,3.3346009903867775,3.340521314278279,3.392161773738155,5.301175495891776,3.3099372858779805
y_sbi_342,2.1090676605081105,2.1145038075324707,2.1571348109474373,3.452758772942472,2.071696099548057
y_sbi_343,3.505195962688181,3.525684739287982,3.4430571732026243,5.128168668845373,3.418533970786095
y_sbi_344,4.860518152681971,4.83368282065415,4.922461034064067,7.827270890394507,4.773749611539301
y_sbi_345,4.607329045101698,4.63651502971744,4.841050117257985,7.203685974665319,4.604004771460488
y_sbi_347,2.827820892625851,2.8237359108261293,2.8094969941249333,4.320109975218853,2.7845310848306557
y_sbi_348,2.5927612418617993,2.6224687431408524,2.6418172277177763,4.023337391926865,2.5760109605297483
y_sbi_349,3.074862281510366,3.0765853639961054,3.1041880860455695,4.654245466892102,3.051332188007798
y_sbi_350,4.259701733532763,4.249765256251777,4.263011831225506,6.178867104494047,4.208273883698313
y_sbi_351,3.99860633664766,3.987553443728751,4.171737652280561,6.078285605744649,3.9734942630789263
y_sbi_352,2.977020152318292,2.952861048309297,3.033686041605852,4.802583533254374,2.9385685414954823
y_sbi_353,3.7401909868417134,3.694012420671999,3.6829171903113536,5.341223685623982,3.63060661152107
y_sbi_354,2.7500999338445187,2.771793827824769,2.8169315294864723,4.228703985757567,2.746498642386932
y_sbi_355,2.705185737381022,2.7416567898429083,2.7041407263781188,4.187528960258998,2.692017002328712
y_sbi_356,2.172517554302948,2.169496724019856,2.2252138479725923,3.484701554637883,2.1671320435068684
y_sbi_357,3.3677478518215165,3.361345475019561,3.3502095368332667,4.986159007382464,3.297803864175396
y_sbi_358,2.545077187137929,2.5438821474655886,2.639249015107383,4.101373524201034,2.5274395823462954
y_sbi_359,3.6913531914442608,3.6919613792478314,3.6864612193005715,5.560009017796651,3.6098742353204893
y_sbi_360,3.8661441194920236,3.8737669722272883,3.942387758859191,5.943985133122009,3.8444654186568927
y_sbi_361,3.4124007147229505,3.3966177449804404,3.4484993569984725,4.9751019804806615,3.3723906818954323
y_sbi_362,2.8817003610301155,2.883615927710896,2.9546250563625462,4.502697442030076,2.873657606738979
y_sbi_363,3.2266373139203917,3.2242983081959338,3.257032784273956,4.900269691319886,3.1845432534275084
y_sbi_364,5.00646348677988,4.976359328827313,4.788009854922822,7.0833875688221095,4.826384750898668
y_sbi_365,3.2647013399673828,3.2391812217426863,3.4162052309549735,5.062173894631637,3.2398685284840183
y_sbi_366,2.3878689859177022,2.3803374117937186,2.440193416349622,3.889613148267981,2.3685580295390314
y_sbi_367,3.5403042465600167,3.5322157350249044,3.6346689919645856,5.2399637019007255,3.4781606609078466
y_sbi_368,2.9101669985015346,2.913610742428763,3.084069915464138,4.829467313598371,2.908963701703076
y_sbi_369,3.526609578791204,3.5351354034527227,3.5405189316424766,5.381615654344576,3.493903987583128
y_sbi_370,3.050469189005044,3.045358098501852,3.077435018519608,4.685763175384223,3.0005578914820745
y_sbi_371,3.603114231754806,3.5917229426314097,3.5173388093960436,5.54286593045474,3.50108129464348
y_sbi_372,2.834181580270068,2.8304052204956713,2.908307807813346,4.402339258223598,2.8101215771664187
y_sbi_373,3.5798292366564777,3.6049681825572306,3.6519804810309084,5.5194676093416275,3.577528879638623
y_sbi_374,1.4524186198110216,1.4526063255398396,1.538733498014952,2.2987452909419632,1.4564045698865342
y_sbi_375,3.413762013858999,3.4064137423234784,3.4563943439727765,5.456389415979756,3.3750593885922733
y_sbi_376,3.2931682760471306,3.2923948370715146,3.2943032246381594,5.320242583850717,3.2336072809974934
y_sbi_377,2.1571776671107474,2.1618004636622716,2.19227346901898,3.403942912177531,2.1472043429836476
y_sbi_379,3.060445196881552,3.095965731120122,3.1840520227261866,4.855967481321771,3.05516864574667
y_sbi_380,2.465696255474353,2.4603185345860816,2.5377971339526337,3.8650661939724125,2.4590410474142974
y_sbi_381,1.8200571570084094,1.8005172319061409,1.8388526061563457,3.058942779905623,1.7738724743616334
y_sbi_384,2.9298462715254625,2.9315812318568604,2.984905486079078,4.538685768289442,2.904560419172219
y_sbi_385,2.728126468826483,2.726338701509185,2.815005275772606,4.617386804155448,2.7122096871400805
y_sbi_386,3.1119407512361708,3.1128855091677767,3.1526055033769818,4.895587000254016,3.0695250272200236
y_sbi_388,3.340564798944011,3.3308380290663013,3.227762131013688,4.680724475955862,3.251028281463981
y_sbi_389,3.914218388752108,3.913083808909455,3.8734997817522117,5.707728088797743,3.837651880263876
y_sbi_390,2.607362475275033,2.594111911257157,2.589538784699623,5.509382083543231,2.5386779652717886
y_sbi_391,3.2434422402336596,3.2447334992169328,3.2505691029927353,5.071834857803115,3.201767274420988
y_sbi_392,3.3664486826087874,3.395743792945179,3.466244736333263,5.331944165954777,3.3526774855972423
y_sbi_393,1.4221874996999169,1.4199075547239624,1.4516240833935856,2.258568297532503,1.41272367562788
y_sbi_394,3.851571708393814,3.8747261597314493,3.865767855419801,5.846402804580754,3.816616636368764
y_sbi_395,3.469274936605082,3.4683664926445306,3.4980449047622466,5.4268699122235065,3.420459980397852
y_sbi_396,2.8431014923456814,2.8479066546937086,2.9359402455867736,4.4082906530466905,2.809386341231582
y_sbi_397,3.0014490179362987,2.986916376261119,3.0876898503294914,4.5929602653488955,2.9860526611246567
y_sbi_398,2.5970726236455217,2.608916171809964,2.701743623508176,4.164593662790876,2.594647657193756
y_sbi_399,4.357930562060671,4.377657762667584,4.462559561470016,6.5164075604887275,4.343005855829972
y_sbi_400,3.5439028216920083,3.5805744402914055,3.602788249335735,5.3637969939768215,3.5193454663268104
y_sbi_401,4.088172445073756,4.114843978710026,4.131639415360754,6.1006703510533455,4.08203251566351
y_sbi_402,1.3963275102650297,1.3942305937687267,1.4261269863896067,2.180640794569864,1.3911667151577873
y_sbi_403,3.6311724802776015,3.6588635134249503,3.6274999866930417,5.130568483779933,3.579511116263147
y_sbi_404,3.358733069857113,3.3222266443257222,3.3175438766635565,5.029988689362424,3.250923338288772
